date,election,state,seat,voters_total,ballots_issued,ballots_not_returned,votes_rejected,votes_valid,majority,n_candidates,voter_turnout,majority_perc,votes_rejected_perc,ballots_not_returned_perc
1959-05-20,SE-01,Johor,N.01 Bukit Serampang,8853,7265,0,196,7069,4532,3,82.06257765729131,64.1109067760645,2.6978664831383345,0.0
1959-05-20,SE-01,Johor,N.02 Jorak,11197,8660,0,188,8472,4654,3,77.34214521746895,54.933899905571295,2.1709006928406467,0.0
1959-05-20,SE-01,Johor,N.03 Labis,7519,5231,0,317,4914,3310,2,69.57042159861683,67.35856735856736,6.060026763525139,0.0
1959-05-20,SE-01,Johor,N.04 Bekok,8029,6317,0,178,6139,169,2,78.67729480632707,2.7528913503827983,2.8177932562925436,0.0
1959-05-20,SE-01,Johor,N.05 Bandar Maharani,12762,9661,0,91,9570,4598,3,75.70130073656168,48.04597701149425,0.9419314770727667,0.0
1959-05-20,SE-01,Johor,N.06 Parit Bakar,10122,7172,0,103,7069,2970,3,70.8555621418692,42.01442919790635,1.4361405465699946,0.0
1959-05-20,SE-01,Johor,N.07 Parit Jawa,13093,10302,0,218,10084,7020,2,78.68326586725732,69.6152320507735,2.1160939623374104,0.0
1959-05-20,SE-01,Johor,N.08 Simpang Kiri,12613,9584,0,174,9410,3330,2,75.98509474351859,35.38788522848034,1.815525876460768,0.0
1959-05-20,SE-01,Johor,N.09 Broleh,12845,9757,0,133,9624,3142,3,75.95951732191514,32.64754779717373,1.363123911038229,0.0
1959-05-20,SE-01,Johor,N.10 Bandar Penggaram,8245,5782,0,79,5703,3237,2,70.12734990903577,56.75960021041557,1.3663092355586302,0.0
1959-05-20,SE-01,Johor,N.11 Tanjong Sembrong,11343,8515,0,179,8336,3730,3,75.06832407652297,44.74568138195777,2.1021726365237816,0.0
1959-05-20,SE-01,Johor,N.12 Ayer Hitam,11499,8472,0,110,8362,3964,3,73.67597182363684,47.40492705094475,1.2983947119924457,0.0
1959-05-20,SE-01,Johor,N.13 Gunong Lambak,6777,5311,0,171,5140,90,2,78.36800944370665,1.7509727626459144,3.2197326303897573,0.0
1959-05-20,SE-01,Johor,N.14 Sri Lalang,6806,5006,0,66,4940,250,2,73.55274757566853,5.060728744939271,1.3184178985217738,0.0
1959-05-20,SE-01,Johor,N.15 Kota Tinggi,5542,3906,0,83,3823,1238,3,70.47997112955612,32.38294533089197,2.124935995903738,0.0
1959-05-20,SE-01,Johor,N.16 Johore Lama,5444,3984,0,94,3890,1554,2,73.18148420279206,39.948586118251924,2.359437751004016,0.0
1959-05-20,SE-01,Johor,N.17 Rengit,10910,8944,0,239,8705,1714,3,81.97983501374885,19.689833429063757,2.6721824686940967,0.0
1959-05-20,SE-01,Johor,N.18 Benut,11440,8935,0,518,8417,2248,3,78.10314685314685,26.707853154330525,5.797425853385563,0.0
1959-05-20,SE-01,Johor,N.19 Pontian Dalam,9679,7475,0,174,7301,1594,5,77.22905258807728,21.83262566771675,2.327759197324415,0.0
1959-05-20,SE-01,Johor,N.20 Pontian Kechil,9060,0,0,0,0,0,1,,,,
1959-05-20,SE-01,Johor,N.21 Rengam,9333,6429,0,368,6061,4471,2,68.88460302153648,73.76670516416432,5.724062840255094,0.0
1959-05-20,SE-01,Johor,N.22 Senai-Kulai,7547,5997,0,126,5871,55,2,79.46203789585266,0.9368080395162663,2.1010505252626315,0.0
1959-05-20,SE-01,Johor,N.23 Plentong,7515,5706,0,206,5500,3434,2,75.92814371257485,62.43636363636364,3.610234840518752,0.0
1959-05-20,SE-01,Johor,N.24 Tanjong Petri,8403,6035,0,70,5965,58,3,71.81958824229442,0.972338642078793,1.15990057995029,0.0
1959-05-20,SE-01,Johor,N.25 Gelang Patah,6752,5334,0,200,5134,1120,3,78.99881516587678,21.8153486560187,3.749531308586427,0.0
1959-05-20,SE-01,Johor,N.26 Tampoi,9146,6277,0,183,6094,2028,2,68.63109556090095,33.27863472267805,2.9154054484626415,0.0
1959-05-20,SE-01,Johor,N.27 Endau,6698,4941,0,116,4825,2778,3,73.76828904150493,57.57512953367876,2.3477028941509817,0.0
1959-05-20,SE-01,Johor,N.28 Mersing,5498,4320,0,126,4194,3156,2,78.5740269188796,75.25035765379113,2.9166666666666665,0.0
1959-05-20,SE-01,Johor,N.29 Batu Anam,7539,6303,0,170,6133,4715,3,83.60525268603263,76.8791782162074,2.6971283515786135,0.0
1959-05-20,SE-01,Johor,N.30 Bandar Segamat,7505,6116,0,90,6026,672,3,81.49233844103931,11.151676070361766,1.471550032701112,0.0
1959-05-20,SE-01,Johor,N.31 Tangkak,10115,7241,0,247,6994,5398,3,71.58675234799802,77.1804403774664,3.4111310592459607,0.0
1959-05-20,SE-01,Johor,N.32 Serom,11395,9518,0,141,9377,5583,3,83.52786309784993,59.53929828303295,1.4814036562303006,0.0
1964-04-25,SE-02,Johor,N.01 Bukit Serampang,10647,0,0,0,0,0,1,,,,
1964-04-25,SE-02,Johor,N.02 Jorak,12076,9799,0,540,9259,5653,2,81.14441868168268,61.05410951506642,5.510766404735177,0.0
1964-04-25,SE-02,Johor,N.03 Labis,11291,9384,0,381,9003,2833,3,83.11044194491187,31.467288681550592,4.060102301790281,0.0
1964-04-25,SE-02,Johor,N.04 Bekok,11387,9330,0,474,8856,3305,3,81.93554052867304,37.319331526648604,5.080385852090032,0.0
1964-04-25,SE-02,Johor,N.05 Bandar Maharani,16131,12460,0,397,12063,4469,2,77.2425764056785,37.04716902926304,3.186195826645265,0.0
1964-04-25,SE-02,Johor,N.06 Parit Bakar,13985,10740,0,416,10324,4238,2,76.79656775116196,41.04998062766369,3.8733705772811917,0.0
1964-04-25,SE-02,Johor,N.07 Parit Jawa,15415,0,0,0,0,0,1,,,,
1964-04-25,SE-02,Johor,N.08 Simpang Kiri,14708,10823,0,245,10578,7606,2,73.58580364427523,71.9039515976555,2.263697680864825,0.0
1964-04-25,SE-02,Johor,N.09 Broleh,15113,12646,0,356,12290,2936,3,83.67630516773639,23.8893409275834,2.8151194053455635,0.0
1964-04-25,SE-02,Johor,N.10 Bandar Penggaram,10245,7825,0,230,7595,2960,3,76.37872132747681,38.97300855826201,2.939297124600639,0.0
1964-04-25,SE-02,Johor,N.11 Tanjong Sembrong,14494,11873,0,778,11095,4744,4,81.91665516765558,42.757999098693105,6.5526825570622425,0.0
1964-04-25,SE-02,Johor,N.12 Ayer Hitam,13971,10870,0,880,9990,6300,2,77.80402261828073,63.06306306306306,8.09567617295308,0.0
1964-04-25,SE-02,Johor,N.13 Gunong Lambak,11013,9011,0,325,8686,238,2,81.82148370108054,2.7400414460050655,3.606702918654977,0.0
1964-04-25,SE-02,Johor,N.14 Sri Lalang,10718,8587,0,282,8305,2402,3,80.11755924612801,28.922335942203492,3.2840340048911143,0.0
1964-04-25,SE-02,Johor,N.15 Kota Tinggi,6502,5235,0,89,5146,2304,3,80.51368809597047,44.77263894286825,1.700095510983763,0.0
1964-04-25,SE-02,Johor,N.16 Johore Lama,6352,0,0,0,0,0,1,,,,
1964-04-25,SE-02,Johor,N.17 Rengit,12468,10102,0,960,9142,4169,3,81.02341995508502,45.60271275432072,9.503068699267473,0.0
1964-04-25,SE-02,Johor,N.18 Benut,13630,11201,0,916,10285,4027,3,82.17901687454146,39.1541079241614,8.17784126417284,0.0
1964-04-25,SE-02,Johor,N.19 Pontian Dalam,12179,10214,0,559,9655,3500,3,83.86567041629034,36.25064733298809,5.472880360289798,0.0
1964-04-25,SE-02,Johor,N.20 Pontian Kechil,12390,10123,0,407,9716,3334,2,81.70298627925746,34.31453272951832,4.020547268596266,0.0
1964-04-25,SE-02,Johor,N.21 Rengam,11750,9515,0,460,9055,2330,3,80.97872340425532,25.731639977912756,4.834471886495008,0.0
1964-04-25,SE-02,Johor,N.22 Senai-Kulai,11408,9512,0,373,9139,2499,2,83.38008415147266,27.344348396979978,3.921362489486964,0.0
1964-04-25,SE-02,Johor,N.23 Plentong,12758,10296,0,516,9780,4109,3,80.70230443643204,42.01431492842536,5.011655011655012,0.0
1964-04-25,SE-02,Johor,N.24 Tanjong Petri,11977,9053,0,260,8793,1858,4,75.58654087000085,21.1304446718981,2.8719761405059097,0.0
1964-04-25,SE-02,Johor,N.25 Gelang Patah,9655,7861,0,365,7496,3212,3,81.41895390989124,42.8495197438634,4.643175168553619,0.0
1964-04-25,SE-02,Johor,N.26 Tampoi,12838,9809,0,386,9423,3321,4,76.40598224022433,35.24355300859599,3.935161586298298,0.0
1964-04-25,SE-02,Johor,N.27 Endau,8256,6502,0,559,5943,4627,2,78.75484496124031,77.85630153121319,8.597354660104584,0.0
1964-04-25,SE-02,Johor,N.28 Mersing,6682,5477,0,347,5130,3087,3,81.96647710266387,60.175438596491226,6.335585174365528,0.0
1964-04-25,SE-02,Johor,N.29 Batu Anam,9850,9166,0,321,8845,2515,3,93.05583756345179,28.43414358394573,3.502072878027493,0.0
1964-04-25,SE-02,Johor,N.30 Bandar Segamat,10423,8952,0,228,8724,1775,3,85.88698071572483,20.346171480972032,2.546916890080429,0.0
1964-04-25,SE-02,Johor,N.31 Tangkak,13220,10059,0,638,9421,4467,2,76.089258698941,47.41534868909882,6.342578785167512,0.0
1964-04-25,SE-02,Johor,N.32 Serom,13804,11553,0,655,10898,7662,3,83.69313242538394,70.30647825289044,5.669523067601489,0.0
1969-05-10,SE-03,Johor,N.01 Bukit Serampang,14636,10720,0,385,10335,7881,2,73.24405575293797,76.25544267053701,3.591417910447761,0.0
1969-05-10,SE-03,Johor,N.02 Jorak,13887,0,0,0,0,0,1,,,,
1969-05-10,SE-03,Johor,N.03 Labis,15980,11590,0,1119,10471,6895,2,72.52816020025031,65.8485340464139,9.654874892148403,0.0
1969-05-10,SE-03,Johor,N.04 Bekok,13750,9677,0,805,8872,780,2,70.37818181818182,8.791704238052299,8.318693810065103,0.0
1969-05-10,SE-03,Johor,N.05 Bandar Maharani,16094,11631,0,788,10843,1779,2,72.26916863427364,16.40689845983584,6.774997850571748,0.0
1969-05-10,SE-03,Johor,N.06 Parit Bakar,14464,0,0,0,0,0,1,,,,
1969-05-10,SE-03,Johor,N.07 Parit Jawa,16880,0,0,0,0,0,1,,,,
1969-05-10,SE-03,Johor,N.08 Simpang Kiri,18083,12304,0,377,11927,5957,2,68.04180722225294,49.94550180263268,3.0640442132639794,0.0
1969-05-10,SE-03,Johor,N.09 Broleh,15477,10543,0,187,10356,908,2,68.12043677715319,8.76786404016995,1.773688703405103,0.0
1969-05-10,SE-03,Johor,N.10 Bandar Penggaram,11533,7780,0,196,7584,1474,2,67.45859706927946,19.435654008438817,2.519280205655527,0.0
1969-05-10,SE-03,Johor,N.11 Tanjong Sembrong,16889,12042,0,1562,10480,5798,2,71.30084670495589,55.32442748091603,12.971267231356917,0.0
1969-05-10,SE-03,Johor,N.12 Ayer Hitam,15775,10830,0,809,10021,5276,3,68.65293185419968,52.649436184013574,7.4699907663896585,0.0
1969-05-10,SE-03,Johor,N.13 Gunong Lambak,12372,9519,0,875,8644,1104,3,76.93986420950534,12.771864877371586,9.192142031726021,0.0
1969-05-10,SE-03,Johor,N.14 Sri Lalang,12962,8820,0,930,7890,2317,3,68.0450547754976,29.366286438529787,10.54421768707483,0.0
1969-05-10,SE-03,Johor,N.15 Kota Tinggi,8106,6128,0,458,5670,2000,2,75.59832223044658,35.273368606701936,7.473890339425587,0.0
1969-05-10,SE-03,Johor,N.16 Johore Lama,5715,4750,0,465,4285,1767,2,83.1146106736658,41.23687281213535,9.789473684210526,0.0
1969-05-10,SE-03,Johor,N.17 Rengit,14762,11204,0,1424,9780,2708,2,75.89757485435578,27.689161554192225,12.709746519100321,0.0
1969-05-10,SE-03,Johor,N.18 Benut,14991,11253,0,1515,9738,4528,3,75.06503902341404,46.49825426165537,13.463076512929886,0.0
1969-05-10,SE-03,Johor,N.19 Pontian Dalam,14166,10417,0,405,10012,3338,2,73.53522518706764,33.33999200958849,3.887875587981185,0.0
1969-05-10,SE-03,Johor,N.20 Pontian Kechil,13758,10466,0,130,10336,1226,3,76.0721035034162,11.861455108359133,1.24211733231416,0.0
1969-05-10,SE-03,Johor,N.21 Rengam,15726,11145,0,1060,10085,3329,2,70.86989698588326,33.009419930589985,9.510991475998205,0.0
1969-05-10,SE-03,Johor,N.22 Senai-Kulai,14447,10068,0,884,9184,1476,2,69.68920883228353,16.071428571428573,8.780294000794598,0.0
1969-05-10,SE-03,Johor,N.23 Plentong,13903,10742,0,1128,9614,2804,2,77.26389987772423,29.165799875182024,10.500837832805809,0.0
1969-05-10,SE-03,Johor,N.24 Tanjong Petri,14826,9687,0,294,9393,1581,2,65.33791987049777,16.831683168316832,3.034995354598947,0.0
1969-05-10,SE-03,Johor,N.25 Gelang Patah,12522,8993,0,878,8115,3525,2,71.81760102220093,43.438077634011094,9.763149115979095,0.0
1969-05-10,SE-03,Johor,N.26 Tampoi,14640,10683,0,934,9749,1822,3,72.97131147540983,18.689096317571032,8.742862491809417,0.0
1969-05-10,SE-03,Johor,N.27 Endau,10726,7728,0,1030,6698,3028,2,72.04922617937721,45.20752463421917,13.32815734989648,0.0
1969-05-10,SE-03,Johor,N.28 Mersing,7576,0,0,0,0,0,1,,,,
1969-05-10,SE-03,Johor,N.29 Batu Anam,11058,8426,0,378,8048,3050,2,76.19822752758184,37.89761431411531,4.4861144077854265,0.0
1969-05-10,SE-03,Johor,N.30 Bandar Segamat,10744,8751,0,478,8273,491,3,81.45011169024572,5.934969176840324,5.46223288766998,0.0
1969-05-10,SE-03,Johor,N.31 Tangkak,15950,11235,0,310,10925,2339,2,70.43887147335424,21.409610983981693,2.7592345349354694,0.0
1969-05-10,SE-03,Johor,N.32 Serom,14314,10870,0,682,10188,7364,2,75.93963951376274,72.28111503729878,6.274149034038638,0.0
1974-08-24,SE-04,Johor,N.01 Buloh Kasap,12716,9281,0,332,8949,4825,2,72.98678829820699,53.916638730584424,3.577200732679668,0.0
1974-08-24,SE-04,Johor,N.02 Ayer Panas,12753,10011,0,179,9832,6260,2,78.49917666431428,63.66965012205045,1.788033163520128,0.0
1974-08-24,SE-04,Johor,N.03 Bandar Segamat,17507,14329,0,811,13518,5336,2,81.84726109556178,39.47329486610445,5.659850652522856,0.0
1974-08-24,SE-04,Johor,N.04 Bukit Serampang,12645,0,0,0,0,0,1,,,,
1974-08-24,SE-04,Johor,N.05 Bekok,13080,0,0,0,0,0,1,,,,
1974-08-24,SE-04,Johor,N.06 Bandar Keluang,21685,15109,0,706,14403,703,2,69.67489047728846,4.880927584531,4.672711628830498,0.0
1974-08-24,SE-04,Johor,N.07 Endau,8399,6116,0,208,5908,3782,2,72.81819264198118,64.01489505754908,3.4009156311314586,0.0
1974-08-24,SE-04,Johor,N.08 Mersing,8980,6798,0,201,6597,3803,2,75.70155902004454,57.64741549189025,2.956751985878199,0.0
1974-08-24,SE-04,Johor,N.09 Tangkak,13217,9729,0,219,9510,4672,2,73.60974502534614,49.127234490010515,2.2510021584952207,0.0
1974-08-24,SE-04,Johor,N.10 Serom,12653,0,0,0,0,0,1,,,,
1974-08-24,SE-04,Johor,N.11 Jorak,12218,0,0,0,0,0,1,,,,
1974-08-24,SE-04,Johor,N.12 Kesang,12062,0,0,0,0,0,1,,,,
1974-08-24,SE-04,Johor,N.13 Sri Lalang,12776,0,0,0,0,0,1,,,,
1974-08-24,SE-04,Johor,N.14 Sri Medan,13264,0,0,0,0,0,1,,,,
1974-08-24,SE-04,Johor,N.15 Bandar Maharani,26785,18571,0,740,17831,6283,2,69.33358222885944,35.23638606920532,3.9847073394001398,0.0
1974-08-24,SE-04,Johor,N.16 Parit Jawa,14737,11176,0,844,10332,5958,2,75.83633032503224,57.66550522648084,7.551896921975662,0.0
1974-08-24,SE-04,Johor,N.17 Layang-Layang,18426,0,0,0,0,0,1,,,,
1974-08-24,SE-04,Johor,N.18 Kulai,17173,13657,0,1240,12417,3547,2,79.52600011646189,28.565676089232504,9.07959288277074,0.0
1974-08-24,SE-04,Johor,N.19 Kota Tinggi,12506,0,0,0,0,0,1,,,,
1974-08-24,SE-04,Johor,N.20 Johor Lama,11055,0,0,0,0,0,1,,,,
1974-08-24,SE-04,Johor,N.21 Parit Raja,14252,0,0,0,0,0,1,,,,
1974-08-24,SE-04,Johor,N.22 Simpang Renggam,12393,0,0,0,0,0,1,,,,
1974-08-24,SE-04,Johor,N.23 Sri Menanti,9838,7366,0,552,6814,4138,2,74.87294165480789,60.72791312004696,7.493890849850665,0.0
1974-08-24,SE-04,Johor,N.24 Peserai,19033,14047,0,758,13289,6402,3,73.80339410497557,48.175182481751825,5.396170000711896,0.0
1974-08-24,SE-04,Johor,N.25 Bandar Penggaram,22004,16732,0,924,15808,7793,3,76.04071986911471,49.29782388663968,5.522352378675591,0.0
1974-08-24,SE-04,Johor,N.26 Rengit,11711,0,0,0,0,0,1,,,,
1974-08-24,SE-04,Johor,N.27 Benut,16449,12477,0,508,11969,6867,2,75.85263541856648,57.373214136519344,4.0714915444417725,0.0
1974-08-24,SE-04,Johor,N.28 Kukup,19216,0,0,0,0,0,1,,,,
1974-08-24,SE-04,Johor,N.29 Gelang Patah,15820,12609,0,1071,11538,5845,3,79.70290771175726,50.65869301438725,8.493932905067808,0.0
1974-08-24,SE-04,Johor,N.30 Skudai,18525,13628,0,913,12715,6705,3,73.56545209176788,52.732992528509634,6.699442324625771,0.0
1974-08-24,SE-04,Johor,N.31 Tiram,18830,0,0,0,0,0,1,,,,
1974-08-24,SE-04,Johor,N.32 Tanjong Petri,32704,22823,0,1474,21349,9363,3,69.78657045009786,43.856855122019766,6.458397230863603,0.0
1978-07-08,SE-05,Johor,N.01 Buloh Kasap,15001,11481,0,674,10807,5217,3,76.53489767348843,48.27426667900435,5.8705687657869525,0.0
1978-07-08,SE-05,Johor,N.02 Ayer Panas,15304,12303,0,585,11718,6050,3,80.39074751698902,51.629970984809695,4.754937820043892,0.0
1978-07-08,SE-05,Johor,N.03 Bandar Segamat,21299,17451,0,1000,16451,5297,2,81.93342410441805,32.19865053796122,5.730330640077932,0.0
1978-07-08,SE-05,Johor,N.04 Bukit Serampang,14194,11478,0,816,10662,7918,2,80.8651542905453,74.26374038641906,7.109252483010978,0.0
1978-07-08,SE-05,Johor,N.05 Bekok,15317,11907,0,556,11351,1881,3,77.73715479532545,16.571227204651574,4.66952212983959,0.0
1978-07-08,SE-05,Johor,N.06 Bandar Keluang,29014,21888,0,706,21182,3737,3,75.43944302750396,17.642337834010007,3.225511695906433,0.0
1978-07-08,SE-05,Johor,N.07 Endau,9869,7524,0,702,6822,4068,2,76.23872732799676,59.63060686015831,9.330143540669857,0.0
1978-07-08,SE-05,Johor,N.08 Mersing,10439,8146,0,411,7735,4010,4,78.03429447265063,51.842275371687144,5.045421065553645,0.0
1978-07-08,SE-05,Johor,N.09 Tangkak,14756,11254,0,480,10774,4028,3,76.26728110599078,37.38630035270095,4.2651501688288604,0.0
1978-07-08,SE-05,Johor,N.10 Serom,13958,11399,0,459,10940,6147,3,81.66642785499356,56.18829981718464,4.0266690060531625,0.0
1978-07-08,SE-05,Johor,N.11 Jorak,13110,10356,0,492,9864,8102,2,78.99313501144165,82.13706407137063,4.750869061413673,0.0
1978-07-08,SE-05,Johor,N.12 Kesang,13192,9955,0,442,9513,7027,2,75.46240145542752,73.86733943025334,4.439979909593169,0.0
1978-07-08,SE-05,Johor,N.13 Sri Lalang,15893,0,0,0,0,0,1,,,,
1978-07-08,SE-05,Johor,N.14 Sri Medan,15358,11900,0,721,11179,8917,2,77.48404740200547,79.76563198854996,6.0588235294117645,0.0
1978-07-08,SE-05,Johor,N.15 Bandar Maharani,32595,24744,0,1088,23656,4095,3,75.91348366313852,17.310618870476834,4.397025541545426,0.0
1978-07-08,SE-05,Johor,N.16 Parit Jawa,17302,0,0,0,0,0,1,,,,
1978-07-08,SE-05,Johor,N.17 Layang-Layang,22563,17881,0,1113,16768,6954,2,79.24921331383239,41.471851145038165,6.224484089256753,0.0
1978-07-08,SE-05,Johor,N.18 Kulai,22777,18454,0,1211,17243,1907,2,81.02032752337884,11.059560401322276,6.562262924027311,0.0
1978-07-08,SE-05,Johor,N.19 Kota Tinggi,15145,12063,0,724,11339,8301,2,79.65004952129415,73.20751389011376,6.00182375860068,0.0
1978-07-08,SE-05,Johor,N.20 Johor Lama,17622,14283,0,825,13458,10078,3,81.05209397344228,74.88482686877693,5.7760974585171185,0.0
1978-07-08,SE-05,Johor,N.21 Parit Raja,15604,12140,0,670,11470,9092,2,77.8005639579595,79.26765475152571,5.518945634266887,0.0
1978-07-08,SE-05,Johor,N.22 Simpang Renggam,13954,10915,0,690,10225,7263,2,78.22129855238641,71.03178484107579,6.321575813101236,0.0
1978-07-08,SE-05,Johor,N.23 Sri Menanti,11314,8693,0,495,8198,5422,2,76.83401095987273,66.13808245913637,5.694236742206373,0.0
1978-07-08,SE-05,Johor,N.24 Peserai,24232,18522,0,861,17661,8636,3,76.43611753053813,48.898703357680766,4.648526077097506,0.0
1978-07-08,SE-05,Johor,N.25 Bandar Penggaram,28503,0,0,0,0,0,1,,,,
1978-07-08,SE-05,Johor,N.26 Rengit,13655,10724,0,219,10505,6835,2,78.53533504210912,65.06425511661114,2.042148452070123,0.0
1978-07-08,SE-05,Johor,N.27 Benut,18968,0,0,0,0,0,1,,,,
1978-07-08,SE-05,Johor,N.28 Kukup,22647,18063,0,1008,17055,14081,2,79.75890846469731,82.56229844620347,5.580468360737419,0.0
1978-07-08,SE-05,Johor,N.29 Gelang Patah,19474,15666,0,1263,14403,10807,2,80.44572250179726,75.03297924043602,8.062045193412485,0.0
1978-07-08,SE-05,Johor,N.30 Skudai,26360,0,0,0,0,0,1,,,,
1978-07-08,SE-05,Johor,N.31 Tiram,26323,20777,0,1778,18999,13655,2,78.93097291342173,71.87220380020001,8.557539587043365,0.0
1978-07-08,SE-05,Johor,N.32 Tanjong Petri,48863,34184,0,1477,32707,11925,2,69.95886458056198,36.46008499709542,4.320734846711912,0.0
1982-04-22,SE-06,Johor,N.01 Buloh Kasap,17870,13342,0,321,13021,6541,4,74.66144376049245,50.23423700176638,2.4059361415080196,0.0
1982-04-22,SE-06,Johor,N.02 Ayer Panas,19080,14943,0,309,14634,9351,3,78.31761006289308,63.89913899138991,2.0678578598674964,0.0
1982-04-22,SE-06,Johor,N.03 Bandar Segamat,25156,19717,0,440,19277,5131,2,78.37891556686277,26.617212221818747,2.231576811888218,0.0
1982-04-22,SE-06,Johor,N.04 Bukit Serampang,16117,12758,0,393,12365,8519,2,79.15865235465658,68.89607763849575,3.0804201285467943,0.0
1982-04-22,SE-06,Johor,N.05 Bekok,18583,14106,0,520,13586,3812,4,75.9080880374536,28.0582953039894,3.68637459237204,0.0
1982-04-22,SE-06,Johor,N.06 Bandar Keluang,36134,28146,0,668,27478,3270,2,77.89339680079703,11.900429434456656,2.373339017977688,0.0
1982-04-22,SE-06,Johor,N.07 Endau,11954,8709,0,409,8300,5220,2,72.85427471975908,62.89156626506024,4.696291193018716,0.0
1982-04-22,SE-06,Johor,N.08 Mersing,12499,0,0,0,0,0,1,,,,
1982-04-22,SE-06,Johor,N.09 Tangkak,17152,12873,0,288,12585,5801,2,75.05247201492537,46.09455701231625,2.237240736425076,0.0
1982-04-22,SE-06,Johor,N.10 Serom,16344,0,0,0,0,0,1,,,,
1982-04-22,SE-06,Johor,N.11 Jorak,15325,11772,0,373,11399,6861,3,76.81566068515497,60.1894903061672,3.1685355079850495,0.0
1982-04-22,SE-06,Johor,N.12 Kesang,15292,11195,0,392,10803,7827,2,73.20821344493854,72.45209663982227,3.5015631978561856,0.0
1982-04-22,SE-06,Johor,N.13 Sri Lalang,19033,14677,0,497,14180,8172,3,77.11343456102558,57.63046544428773,3.3862505961708798,0.0
1982-04-22,SE-06,Johor,N.14 Sri Medan,18745,0,0,0,0,0,1,,,,
1982-04-22,SE-06,Johor,N.15 Bandar Maharani,37939,28194,0,1493,26701,4741,3,74.31403041724874,17.75588929253586,5.295452933248209,0.0
1982-04-22,SE-06,Johor,N.16 Parit Jawa,20058,15628,0,731,14897,7641,2,77.91404925715425,51.29220648452708,4.677501919631431,0.0
1982-04-22,SE-06,Johor,N.17 Layang-Layang,26657,20670,0,888,19782,8422,2,77.54060847057059,42.574057223738755,4.296081277213353,0.0
1982-04-22,SE-06,Johor,N.18 Kulai,28158,21500,0,761,20739,761,2,76.35485474820655,3.6694151116254403,3.5395348837209304,0.0
1982-04-22,SE-06,Johor,N.19 Kota Tinggi,21247,0,0,0,0,0,1,,,,
1982-04-22,SE-06,Johor,N.20 Johor Lama,28777,0,0,0,0,0,1,,,,
1982-04-22,SE-06,Johor,N.21 Parit Raja,18564,0,0,0,0,0,1,,,,
1982-04-22,SE-06,Johor,N.22 Simpang Renggam,17163,13042,0,576,12466,8592,2,75.98904620404359,68.92347184341409,4.416500536727496,0.0
1982-04-22,SE-06,Johor,N.23 Sri Menanti,13221,9949,0,420,9529,6815,2,75.25149383556463,71.51852240528912,4.221529801990149,0.0
1982-04-22,SE-06,Johor,N.24 Peserai,28500,21524,0,789,20735,9363,2,75.52280701754385,45.15553412105136,3.665675524995354,0.0
1982-04-22,SE-06,Johor,N.25 Bandar Penggaram,33072,24615,0,752,23863,12412,4,74.42851959361393,52.01357750492394,3.0550477351208616,0.0
1982-04-22,SE-06,Johor,N.26 Rengit,15480,0,0,0,0,0,1,,,,
1982-04-22,SE-06,Johor,N.27 Benut,22182,16855,0,426,16429,12143,2,75.98503290956631,73.91198490474162,2.527439928804509,0.0
1982-04-22,SE-06,Johor,N.28 Kukup,27727,21625,0,320,21305,7137,2,77.99257041872542,33.49917859657358,1.4797687861271676,0.0
1982-04-22,SE-06,Johor,N.29 Gelang Patah,22601,17732,0,914,16818,7102,2,78.45670545551083,42.22856463313117,5.15452289645838,0.0
1982-04-22,SE-06,Johor,N.30 Skudai,38702,28653,0,1050,27603,15029,2,74.03493359516304,54.44698040068109,3.664537744738771,0.0
1982-04-22,SE-06,Johor,N.31 Tiram,35892,27301,0,1217,26084,14654,2,76.06430402318065,56.180033737156876,4.457712171715322,0.0
1982-04-22,SE-06,Johor,N.32 Tanjong Petri,62612,44992,0,1229,43763,12893,2,71.85842969398837,29.460960171834653,2.7315967283072546,0.0
1986-08-02,SE-07,Johor,N.01 Sepinang,21791,16197,0,1167,15030,10076,2,74.32885136065349,67.03925482368595,7.205037969994443,0.0
1986-08-02,SE-07,Johor,N.02 Jementah,22216,0,0,0,0,0,1,,,,
1986-08-02,SE-07,Johor,N.03 Tangkak,22979,16508,0,668,15840,4260,2,71.83950563558031,26.89393939393939,4.0465228979888535,0.0
1986-08-02,SE-07,Johor,N.04 Serom,24195,17203,0,1135,16068,9474,2,71.10146724529861,58.961911874533236,6.597686450037784,0.0
1986-08-02,SE-07,Johor,N.05 Bukit Serampang,14118,0,0,0,0,0,1,,,,
1986-08-02,SE-07,Johor,N.06 Jorak,18910,13226,0,528,12698,8156,2,69.941829719725,64.23058749409356,3.99213670043853,0.0
1986-08-02,SE-07,Johor,N.07 Tenang,17487,12909,0,823,12086,8472,2,73.82055241036198,70.0976336256826,6.375397009838098,0.0
1986-08-02,SE-07,Johor,N.08 Bekok,20777,14775,0,477,14298,1196,3,71.11228762574,8.364806266610715,3.2284263959390866,0.0
1986-08-02,SE-07,Johor,N.09 Endau,14469,9487,0,460,9027,5019,2,65.56776556776556,55.59986706547026,4.848740381574786,0.0
1986-08-02,SE-07,Johor,N.10 Tenggaroh,13812,9585,0,602,8983,929,4,69.39617723718506,10.341756651452744,6.2806468440271255,0.0
1986-08-02,SE-07,Johor,N.11 Paloh,32482,23159,0,1005,22154,2204,2,71.29794963364326,9.948542024013722,4.339565611641262,0.0
1986-08-02,SE-07,Johor,N.12 Gunung Lambak,29617,22088,0,1337,20751,11037,2,74.5787892089003,53.18779817840104,6.053060485331402,0.0
1986-08-02,SE-07,Johor,N.13 Sri Medan,23579,16891,0,540,16351,9445,2,71.63577759871072,57.76405112837135,3.1969687999526375,0.0
1986-08-02,SE-07,Johor,N.14 Semerah,28601,20615,0,469,20146,5308,3,72.07789937414776,26.347662066911546,2.275042444821732,0.0
1986-08-02,SE-07,Johor,N.15 Bukit Naning,23051,16624,0,1044,15580,8110,2,72.11834627564964,52.05391527599487,6.280076997112609,0.0
1986-08-02,SE-07,Johor,N.16 Maharani,20034,14129,0,363,13766,4371,3,70.52510731756014,31.752142960918206,2.5691839479085568,0.0
1986-08-02,SE-07,Johor,N.17 Parit Bakar,19011,12292,0,541,11751,5655,2,64.65730366629846,48.12356395200408,4.40123657663521,0.0
1986-08-02,SE-07,Johor,N.18 Parit Jawa,16363,11645,0,728,10917,6047,2,71.16665648108538,55.390675093890266,6.251610133104337,0.0
1986-08-02,SE-07,Johor,N.19 Parit Yaani,19084,0,0,0,0,0,1,,,,
1986-08-02,SE-07,Johor,N.20 Parit Raja,19625,0,0,0,0,0,1,,,,
1986-08-02,SE-07,Johor,N.21 Penggaram,32884,23708,0,2453,21255,3990,4,72.09585208612091,18.772053634438958,10.346718407288678,0.0
1986-08-02,SE-07,Johor,N.22 Rengit,22534,15780,0,2619,13161,7269,2,70.02751397887637,55.23136539776613,16.596958174904945,0.0
1986-08-02,SE-07,Johor,N.23 Simpang Renggam,26129,18217,0,946,17271,11385,2,69.71946878946764,65.91974986972382,5.192951638579349,0.0
1986-08-02,SE-07,Johor,N.24 Benut,20598,14784,0,934,13850,8132,2,71.77395863676085,58.71480144404332,6.317640692640693,0.0
1986-08-02,SE-07,Johor,N.25 Kulai,31165,23368,0,970,22398,878,2,74.98154981549816,3.9199928565050453,4.1509756932557345,0.0
1986-08-02,SE-07,Johor,N.26 Bandar Tenggara,26403,20563,0,1358,19205,12595,2,77.88130136726888,65.58187971882322,6.604094733258766,0.0
1986-08-02,SE-07,Johor,N.27 Sedili,23589,16937,0,989,15948,9840,2,71.80041544787825,61.700526711813396,5.839286768613096,0.0
1986-08-02,SE-07,Johor,N.28 Pengerang,26651,21646,0,952,20694,17196,2,81.22021687741548,83.09654972455785,4.398041208537374,0.0
1986-08-02,SE-07,Johor,N.29 Tiram,29326,19352,0,2080,17272,8774,2,65.98922457887198,50.79898100972673,10.748243075651095,0.0
1986-08-02,SE-07,Johor,N.30 Pasir Gudang,35877,25703,0,1008,24695,2489,2,71.64199905231764,10.078963352905447,3.9217211998599386,0.0
1986-08-02,SE-07,Johor,N.31 Tanjong Puteri,35280,23860,0,990,22870,506,3,67.63038548752834,2.2125054656755574,4.149203688181056,0.0
1986-08-02,SE-07,Johor,N.32 Gertak Merah,24642,14672,0,573,14099,2421,2,59.54062170278387,17.171430597914746,3.905398037077426,0.0
1986-08-02,SE-07,Johor,N.33 Tambatan,21666,14778,0,466,14312,3140,2,68.20825256161727,21.93963107881498,3.1533360400595476,0.0
1986-08-02,SE-07,Johor,N.34 Gelang Patah,27667,20226,0,923,19303,5707,2,73.10514331152636,29.56535253587525,4.563433204785919,0.0
1986-08-02,SE-07,Johor,N.35 Pulai Sebatang,28595,21106,0,837,20269,4707,2,73.81010666200385,23.22265528639795,3.9656969582109354,0.0
1986-08-02,SE-07,Johor,N.36 Kukup,23612,17907,0,642,17265,5361,2,75.83855666610198,31.051259774109468,3.585190149103702,0.0
1990-10-20,SE-08,Johor,N.01 Sepinang,26972,20253,12,813,19428,5384,2,75.08898116565327,27.71257978175829,4.016599970357196,0.059250481410161454
1990-10-20,SE-08,Johor,N.02 Jementah,25656,18621,56,463,18102,402,2,72.57951356407858,2.2207490884985086,2.4939402100727177,0.3007357284785994
1990-10-20,SE-08,Johor,N.03 Tangkak,24561,18022,19,871,17132,3834,2,73.37649118521233,22.37917347653514,4.838082541798589,0.10542670069914549
1990-10-20,SE-08,Johor,N.04 Serom,26813,19604,43,998,18563,3815,2,73.11378808786783,20.551634972795345,5.101988650886969,0.21934299122628037
1990-10-20,SE-08,Johor,N.05 Bukit Serampang,15609,11917,6,411,11500,7020,2,76.34697930681017,61.04347826086956,3.450591889849719,0.05034824200721658
1990-10-20,SE-08,Johor,N.06 Jorak,19427,14262,116,647,13499,3647,2,73.41329078087199,27.016816060448924,4.573731090060795,0.8133501612677044
1990-10-20,SE-08,Johor,N.07 Tenang,20240,15908,1,805,15102,4854,2,78.59683794466403,32.141438220103296,5.060665115986673,0.006286145335680161
1990-10-20,SE-08,Johor,N.08 Bekok,22012,15511,9,516,14986,290,2,70.46610939487552,1.935139463499266,3.328602760934073,0.058023338276062146
1990-10-20,SE-08,Johor,N.09 Endau,15158,10352,0,488,9864,2774,3,68.29397018076263,28.122465531224655,4.714064914992272,0.0
1990-10-20,SE-08,Johor,N.10 Tenggaroh,19359,14732,0,771,13961,3265,2,76.09897205434166,23.386576892772723,5.233505294596796,0.0
1990-10-20,SE-08,Johor,N.11 Paloh,38602,28937,531,818,27588,3384,2,74.96243717942076,12.266202696824706,2.87967330845596,1.835020907488682
1990-10-20,SE-08,Johor,N.12 Gunung Lambak,35562,27631,126,671,26834,2376,2,77.69810471851977,8.854438399045987,2.4395564442828577,0.45600955448590347
1990-10-20,SE-08,Johor,N.13 Sri Medan,26223,19782,25,1277,18480,3514,2,75.4375929527514,19.015151515151516,6.463531912739788,0.12637751491254676
1990-10-20,SE-08,Johor,N.14 Semerah,30548,22741,24,1004,21713,1041,2,74.44349875605604,4.794362824114586,4.4195976581414795,0.10553625610131481
1990-10-20,SE-08,Johor,N.15 Bukit Naning,26203,20314,78,849,19387,3587,2,77.52547418234553,18.50208902873059,4.195493180470448,0.38397164517081817
1990-10-20,SE-08,Johor,N.16 Maharani,21240,15357,19,348,14990,2462,2,72.30225988700565,16.424282855236825,2.268874690311644,0.12372208113563847
1990-10-20,SE-08,Johor,N.17 Parit Bakar,19380,13422,0,529,12893,295,2,69.25696594427244,2.28806329015745,3.9412904187155413,0.0
1990-10-20,SE-08,Johor,N.18 Parit Jawa,16690,12395,0,714,11681,1907,2,74.26602756141402,16.32565704991011,5.760387252924566,0.0
1990-10-20,SE-08,Johor,N.19 Parit Yaani,20042,14939,1,770,14168,6320,2,74.53846921464924,44.60756634669678,5.154639175257731,0.006693888479817926
1990-10-20,SE-08,Johor,N.20 Parit Raja,20965,16024,4,864,15156,6948,2,76.432148819461,45.843230403800476,5.393258426966292,0.024962556165751375
1990-10-20,SE-08,Johor,N.21 Penggaram,37072,27737,0,1523,26214,4108,2,74.81927060854552,15.671015487907225,5.490860583336338,0.0
1990-10-20,SE-08,Johor,N.22 Rengit,22764,16400,0,982,15418,5652,2,72.04357757863293,36.65845116098067,5.98780487804878,0.0
1990-10-20,SE-08,Johor,N.23 Simpang Renggam,29076,21194,84,1454,19656,7380,2,72.89173201265649,37.54578754578755,6.887730933207011,0.3963385863923752
1990-10-20,SE-08,Johor,N.24 Benut,21133,15181,27,1127,14027,4851,2,71.83551791037713,34.58330362871605,7.436980335225023,0.17785389631776563
1990-10-20,SE-08,Johor,N.25 Kulai,37367,27855,25,787,27043,1691,2,74.54438408221158,6.253004474355656,2.827883578871721,0.08975049362771495
1990-10-20,SE-08,Johor,N.26 Bandar Tenggara,28336,22678,20,1023,21635,8145,2,80.03246753246754,37.647330714120635,4.5149616029658395,0.08819119851838787
1990-10-20,SE-08,Johor,N.27 Sedili,27895,21561,251,1078,20232,8224,2,77.29342176017208,40.64847765915381,5.058657907085875,1.1641389545939427
1990-10-20,SE-08,Johor,N.28 Pengerang,32635,26797,18,1031,25748,16378,2,82.11123027424544,63.608823986329035,3.8500317412898166,0.06717169832443931
1990-10-20,SE-08,Johor,N.29 Tiram,33957,24697,0,1408,23289,8685,2,72.7302176281768,37.292283910859204,5.701097299267118,0.0
1990-10-20,SE-08,Johor,N.30 Pasir Gudang,45679,32905,0,2229,30676,6784,2,72.0352897392675,22.115008475681314,6.774046497492782,0.0
1990-10-20,SE-08,Johor,N.31 Tanjong Puteri,37798,26591,126,970,25495,3921,2,70.35028308376104,15.37948617375956,3.6652182127337993,0.4738445338648415
1990-10-20,SE-08,Johor,N.32 Gertak Merah,27135,17402,47,451,16904,3166,2,64.1311958724894,18.729294841457644,2.598674733506194,0.2700838984024825
1990-10-20,SE-08,Johor,N.33 Tambatan,27283,20275,0,597,19678,6030,2,74.31367518234798,30.64335806484399,2.944512946979038,0.0
1990-10-20,SE-08,Johor,N.34 Gelang Patah,37307,28860,0,1276,27584,4058,2,77.35813654273997,14.711426914153133,4.421344421344421,0.0
1990-10-20,SE-08,Johor,N.35 Pulai Sebatang,30704,22937,30,1241,21666,2400,2,74.70362167795727,11.077263915812795,5.417557951717815,0.1307930418101757
1990-10-20,SE-08,Johor,N.36 Kukup,24768,18607,19,1031,17557,6953,2,75.12516149870801,39.602437774107194,5.5465891973316115,0.10211210834632127
1995-04-24,SE-09,Johor,N.01 Sepinang,29619,21682,19,812,20851,14807,2,73.20301158040448,71.01338065320608,3.748326639892905,0.08763029240844941
1995-04-24,SE-09,Johor,N.02 Jementah,28155,20345,26,427,19892,6983,3,72.26069969809981,35.10456464910517,2.1014813721147694,0.12779552715654952
1995-04-24,SE-09,Johor,N.03 Tangkak,25290,17801,5,754,17042,9500,2,70.38750494266507,55.7446309118648,4.236907170150596,0.02808830964552553
1995-04-24,SE-09,Johor,N.04 Serom,29177,20946,140,724,20082,13496,2,71.78942317578915,67.2044617070013,3.4797654522733827,0.6683853719087177
1995-04-24,SE-09,Johor,N.05 Bukit Serampang,17927,12812,20,394,12398,9480,2,71.46761867574051,76.46394579770931,3.0800500312695434,0.1561036528254761
1995-04-24,SE-09,Johor,N.06 Jorak,20968,14197,20,545,13632,7962,2,67.70793590232735,58.40669014084507,3.8442547788671795,0.14087483271113616
1995-04-24,SE-09,Johor,N.07 Tenang,22556,16929,18,700,16211,11125,2,75.05320092214932,68.62624144099685,4.139317603926439,0.10632642211589581
1995-04-24,SE-09,Johor,N.08 Bekok,24857,17763,24,467,17272,4428,2,71.46075552158345,25.636868920796662,2.6326173966965443,0.13511231210944097
1995-04-24,SE-09,Johor,N.09 Endau,16575,10668,22,29,10617,4013,2,64.36199095022624,37.79787133841951,0.27240278038699983,0.20622422197225346
1995-04-24,SE-09,Johor,N.10 Tenggaroh,21207,15007,42,19,14946,7956,2,70.76437025510445,53.231633881975114,0.12696291346475108,0.2798693942826681
1995-04-24,SE-09,Johor,N.11 Paloh,34759,25629,813,733,24083,11529,2,73.73342155988377,47.871942864261094,2.953739522888459,3.172187756057591
1995-04-24,SE-09,Johor,N.12 Mengkibol,25534,18310,73,532,17705,8639,2,71.70831048797682,48.794125953120584,2.917146460492406,0.3986892408519935
1995-04-24,SE-09,Johor,N.13 Sri Medan,28773,21541,189,885,20467,11507,2,74.86532513119938,56.222211364635754,4.144810790558261,0.87739659254445
1995-04-24,SE-09,Johor,N.14 Semerah,29818,21926,376,797,20753,9357,2,73.53276544369173,45.08745723509854,3.6983758700696057,1.714859071422056
1995-04-24,SE-09,Johor,N.15 Bukit Naning,21185,0,0,0,0,0,1,,,,
1995-04-24,SE-09,Johor,N.16 Maharani,28797,20583,43,768,19772,2696,2,71.47619543702469,13.635444062310336,3.7390457643622197,0.20891026575329155
1995-04-24,SE-09,Johor,N.17 Parit Bakar,22495,15326,114,471,14741,5065,2,68.13069571015782,34.35994844311783,3.0962398106757822,0.7438340075688373
1995-04-24,SE-09,Johor,N.18 Sungai Balang,18496,13275,41,591,12643,6489,2,71.77227508650519,51.32484378707585,4.46576998639867,0.3088512241054614
1995-04-24,SE-09,Johor,N.19 Parit Yaani,25533,18709,17,631,18061,13365,2,73.27380253005914,73.99922484912241,3.375775732933876,0.09086535891816773
1995-04-24,SE-09,Johor,N.20 Parit Raja,26377,19418,41,611,18766,7711,3,73.61716647078894,41.090269636576785,3.15322289312071,0.21114429910392418
1995-04-24,SE-09,Johor,N.21 Penggaram,37726,27905,87,1507,26311,14037,2,73.96755553199384,53.35030975637566,5.4173556689913,0.3117720838559398
1995-04-24,SE-09,Johor,N.22 Rengit,24332,16897,45,759,16093,8777,2,69.44353115239191,54.53924066364257,4.503916449086162,0.2663194649937859
1995-04-24,SE-09,Johor,N.23 Panti,14961,11174,90,465,10619,8599,2,74.6875208876412,80.97749317261513,4.195236376759293,0.8054412027921962
1995-04-24,SE-09,Johor,N.24 Gunung Lambak,28119,22183,63,654,21466,14630,2,78.88971869554395,68.15429050591634,2.9566003616636527,0.2840012622278321
1995-04-24,SE-09,Johor,N.25 Simpang Renggam,32221,23067,254,899,21914,14388,2,71.58995686043264,65.65665784430045,3.94073554552229,1.1011401569341484
1995-04-24,SE-09,Johor,N.26 Benut,22673,16356,60,597,15699,9561,2,72.13866713712345,60.901968278234285,3.663475699558174,0.36683785766691124
1995-04-24,SE-09,Johor,N.27 Kulai,35954,27929,50,725,27154,10770,2,77.67981309450965,39.662664800766,2.6005236916675636,0.1790253857997064
1995-04-24,SE-09,Johor,N.28 Bukit Permai,24734,18595,52,728,17815,13197,3,75.17991428802459,74.07802413696324,3.9260098150245377,0.2796450658779242
1995-04-24,SE-09,Johor,N.29 Sedili,25991,20244,36,803,19405,15673,2,77.888499865338,80.76784333934552,3.9736737925574026,0.17783046828689983
1995-04-24,SE-09,Johor,N.30 Pengerang,26751,21371,20,565,20786,16756,2,79.8886022952413,80.61195035119792,2.6462460774670977,0.09358476440035561
1995-04-24,SE-09,Johor,N.31 Tiram,33753,25348,389,852,24107,17975,2,75.09850976209522,74.56340482017671,3.413598301213991,1.5346378412498027
1995-04-24,SE-09,Johor,N.32 Pasir Gudang,36545,27755,37,686,27032,18213,3,75.94746203310987,67.37570287067179,2.4749260408398874,0.13330931363718249
1995-04-24,SE-09,Johor,N.33 Tanjong Puteri,35246,24565,80,433,24052,14297,3,69.69585201157578,59.44204224180941,1.7684296508066164,0.3256665988194586
1995-04-24,SE-09,Johor,N.34 Stulang,39049,27815,342,868,26605,14511,3,71.23101743962714,54.542379252020304,3.1594656571906965,1.229552399784289
1995-04-24,SE-09,Johor,N.35 Tambatan,30379,18692,118,459,18115,9469,2,61.52934592975411,52.2715981231024,2.471196295897491,0.6312861117055425
1995-04-24,SE-09,Johor,N.36 Kempas,38037,28033,137,613,27283,19211,2,73.6992927938586,70.41381079793277,2.197447662747347,0.48870973495523135
1995-04-24,SE-09,Johor,N.37 Tanjong Kupang,23897,18372,39,731,17602,11024,2,76.87994308909069,62.62924667651403,3.9873452244586263,0.2122795558458524
1995-04-24,SE-09,Johor,N.38 Skudai,39426,30993,53,867,30073,7680,3,78.6105615583625,25.537857879160708,2.8021978021978025,0.17100635627399735
1995-04-24,SE-09,Johor,N.39 Pulai Sebatang,33594,24721,157,1083,23481,7925,3,73.587545395011,33.75069204889059,4.408891060087933,0.6350875773633752
1995-04-24,SE-09,Johor,N.40 Kukup,26849,20049,34,812,19203,16259,2,74.6731721851838,84.66906212570953,4.056957282038471,0.16958451793106888
1999-11-29,SE-10,Johor,N.01 Sepinang,31118,22619,39,753,21827,9767,2,72.68783340831672,44.7473312869382,3.3348095659875994,0.1724214156240329
1999-11-29,SE-10,Johor,N.02 Jementah,29664,20946,64,579,20303,5526,3,70.61084142394822,27.217652563660543,2.772722919260607,0.30554759858684233
1999-11-29,SE-10,Johor,N.03 Tangkak,26106,0,0,0,0,0,1,,,,
1999-11-29,SE-10,Johor,N.04 Serom,30425,21830,14,760,21056,8248,2,71.75020542317174,39.171732522796354,3.4836817015034836,0.06413192853870821
1999-11-29,SE-10,Johor,N.05 Bukit Serampang,18094,12903,13,441,12449,6185,2,71.31093180059689,49.68270543818781,3.4212567882079132,0.10075176315585523
1999-11-29,SE-10,Johor,N.06 Jorak,21697,15427,24,564,14839,6405,2,71.10199566760382,43.16328593570996,3.6616243588911255,0.1555714007908213
1999-11-29,SE-10,Johor,N.07 Tenang,23726,17599,39,661,16899,8649,2,74.17600944111945,51.1805432274099,3.7642369020501136,0.22160350019887493
1999-11-29,SE-10,Johor,N.08 Bekok,24948,17177,30,505,16642,5784,2,68.85121051787718,34.7554380483115,2.9451215956143932,0.1746521511323281
1999-11-29,SE-10,Johor,N.09 Endau,16934,11505,26,371,11108,2894,2,67.94023857328452,26.053294922578324,3.2319888492028923,0.22598870056497175
1999-11-29,SE-10,Johor,N.10 Tenggaroh,22352,16112,32,689,15391,7551,2,72.08303507516106,49.06113962705477,4.284825870646766,0.19860973187686196
1999-11-29,SE-10,Johor,N.11 Paloh,36704,27280,2810,717,23753,9981,2,74.32432432432432,42.019955374058014,2.930118512464242,10.30058651026393
1999-11-29,SE-10,Johor,N.12 Mengkibol,27240,19361,60,504,18797,7685,2,71.07562408223201,40.88418364632654,2.611263665095073,0.3099013480708641
1999-11-29,SE-10,Johor,N.13 Sri Medan,30638,22970,14,797,22159,9575,2,74.97225667471767,43.210433683830495,3.471859208921415,0.0609490639965172
1999-11-29,SE-10,Johor,N.14 Semerah,31570,23033,14,730,22289,6193,2,72.95850490972443,27.785006056799315,3.1712932794647903,0.06078235575044501
1999-11-29,SE-10,Johor,N.15 Bukit Naning,22277,17228,86,678,16464,4446,2,77.33536831709836,27.004373177842567,3.955197759887994,0.4991873693986533
1999-11-29,SE-10,Johor,N.16 Maharani,30974,22394,153,603,21638,2812,2,72.29934784012397,12.995655790738518,2.7112090283710266,0.6832187192998125
1999-11-29,SE-10,Johor,N.17 Parit Bakar,22857,15557,25,336,15196,2820,2,68.06230038937743,18.55751513556199,2.1632758176667526,0.16069936363052004
1999-11-29,SE-10,Johor,N.18 Sungai Balang,18680,13529,3,483,13043,3925,2,72.42505353319058,30.092770068235836,3.570900487949135,0.022174587922241112
1999-11-29,SE-10,Johor,N.19 Parit Yaani,27136,20328,29,612,19687,9583,2,74.91155660377359,48.67679179153756,3.0149268436868812,0.14266036993309722
1999-11-29,SE-10,Johor,N.20 Parit Raja,28574,21336,19,561,20756,7502,2,74.66927976482116,36.14376565812295,2.631702397147816,0.08905136857892763
1999-11-29,SE-10,Johor,N.21 Penggaram,39428,29552,49,1345,28158,13460,2,74.95181089581008,47.80169046097024,4.558858421177507,0.16580942068218735
1999-11-29,SE-10,Johor,N.22 Rengit,24620,17624,20,625,16979,5347,2,71.58407798537773,31.491842864715235,3.5503294705748694,0.11348161597821153
1999-11-29,SE-10,Johor,N.23 Panti,16629,12529,608,504,11417,6631,2,75.34427806843466,58.08005605675747,4.227833235466823,4.8527416393966
1999-11-29,SE-10,Johor,N.24 Gunung Lambak,31832,25300,295,677,24328,14368,2,79.47976878612717,59.05951989477146,2.7074585082983402,1.1660079051383399
1999-11-29,SE-10,Johor,N.25 Simpang Renggam,34071,24556,82,984,23490,11578,2,72.07302397933726,49.289059174116645,4.0205932826673205,0.33393060759081283
1999-11-29,SE-10,Johor,N.26 Benut,23575,17286,2,613,16671,7269,2,73.32343584305409,43.60266330754004,3.546632723906503,0.011570056693277797
1999-11-29,SE-10,Johor,N.27 Kulai,37974,28707,13,878,27816,7336,2,75.59646073629325,26.37331032499281,3.059873144211333,0.04528512209565611
1999-11-29,SE-10,Johor,N.28 Bukit Permai,26779,19849,8,839,19002,10170,2,74.12151312595691,53.52068203347016,4.228617509198125,0.040304297445715155
1999-11-29,SE-10,Johor,N.29 Sedili,27902,21567,18,761,20788,14174,2,77.29553437029604,68.18356744275543,3.5314863798784164,0.08346084295451384
1999-11-29,SE-10,Johor,N.30 Pengerang,29669,23426,137,724,22565,17273,2,78.95783477704,76.54775094172392,3.108763794065868,0.5848202851532486
1999-11-29,SE-10,Johor,N.31 Tiram,40534,30388,657,1029,28702,16550,2,74.96916169141954,57.66148700438993,3.4610339376408463,2.162037646439384
1999-11-29,SE-10,Johor,N.32 Pasir Gudang,46668,35187,154,958,34075,17307,2,75.39856004114168,50.79090242112986,2.7345645534210603,0.43766163639980676
1999-11-29,SE-10,Johor,N.33 Tanjong Puteri,36280,25050,94,593,24363,9843,2,69.04630650496141,40.40142839551779,2.3761820804616125,0.375249500998004
1999-11-29,SE-10,Johor,N.34 Stulang,41557,29618,683,1236,27699,14727,2,71.27078470534447,53.16798440376908,4.271643338517366,2.3060301168208523
1999-11-29,SE-10,Johor,N.35 Tambatan,30610,18735,17,661,18057,8733,2,61.20548840248284,48.36351553414188,3.531360188054279,0.09073925807312516
1999-11-29,SE-10,Johor,N.36 Kempas,41441,28785,87,630,28068,14288,2,69.46019642383146,50.90494513324783,2.195274932051014,0.3022407503908286
1999-11-29,SE-10,Johor,N.37 Tanjong Kupang,27334,20343,40,681,19622,11324,2,74.42379454159655,57.71073285088166,3.354184110722553,0.1966278326697144
1999-11-29,SE-10,Johor,N.38 Skudai,47226,35719,70,732,34917,11167,2,75.6341845593529,31.98155626199273,2.053353530253303,0.19597413141465325
1999-11-29,SE-10,Johor,N.39 Pulai Sebatang,35534,26637,34,875,25728,15172,2,74.96200821748185,58.97077114427861,3.2891027327744995,0.1276420017269212
1999-11-29,SE-10,Johor,N.40 Kukup,29023,21414,15,775,20624,12736,2,73.78286186817353,61.753297129557794,3.621664563764662,0.07004763239002522
2004-03-21,SE-11,Johor,N.01 Buloh Kasap,15440,10986,0,374,10612,7532,2,71.15284974093264,70.97625329815304,3.4043327871836886,0.0
2004-03-21,SE-11,Johor,N.02 Jementah,25543,17993,0,370,17623,4725,2,70.44199976510198,26.811553084037904,2.0563552492636026,0.0
2004-03-21,SE-11,Johor,N.03 Pemanis,19015,14046,0,322,13724,8354,2,73.86799894819879,60.87146604488487,2.292467606435996,0.0
2004-03-21,SE-11,Johor,N.04 Kemelah,14579,11031,0,260,10771,7047,2,75.66362576308389,65.42568006684616,2.3569939262079593,0.0
2004-03-21,SE-11,Johor,N.05 Tenang,14146,10183,11,379,9793,5517,2,71.9850134313587,56.336158480547326,3.725914274478962,0.10802317588137092
2004-03-21,SE-11,Johor,N.06 Bekok,18372,12891,14,306,12571,6471,2,70.16655780535598,51.47561848699388,2.3763298905024466,0.10860290124893336
2004-03-21,SE-11,Johor,N.07 Bukit Serampang,19216,14253,13,340,13900,9064,2,74.1725645295587,65.20863309352518,2.387640449438202,0.0912088683084263
2004-03-21,SE-11,Johor,N.08 Jorak,20956,15278,25,372,14881,9493,3,72.90513456766558,63.79275586318124,2.4388644856749493,0.16363398350569447
2004-03-21,SE-11,Johor,N.09 Gambir,18496,13656,12,373,13271,6109,2,73.83217993079585,46.03270288599201,2.7338024039871005,0.08787346221441124
2004-03-21,SE-11,Johor,N.10 Tangkak,18374,13190,23,460,12707,4927,2,71.78621965821269,38.77390414732037,3.493582440950862,0.17437452615617893
2004-03-21,SE-11,Johor,N.11 Serom,20305,14838,20,347,14471,8081,2,73.0755971435607,55.84271992260382,2.3417465244972333,0.13478905512872355
2004-03-21,SE-11,Johor,N.12 Bentayan,21624,15562,338,338,14886,428,2,71.96633370329263,2.8751847373370953,2.22017866526537,2.171957331962473
2004-03-21,SE-11,Johor,N.13 Sungai Abong,20104,15103,372,372,14359,6057,2,75.12435336251492,42.182603245351345,2.525286810128301,2.463086803946236
2004-03-21,SE-11,Johor,N.14 Bukit Naning,13710,10952,156,348,10448,6334,2,79.88329686360322,60.62404287901991,3.2234160800296405,1.4243973703433161
2004-03-21,SE-11,Johor,N.15 Maharani,23466,16237,64,373,15800,6612,2,69.19372709451973,41.848101265822784,2.3063129907871143,0.3941614830325799
2004-03-21,SE-11,Johor,N.16 Sungai Balang,18664,13593,19,377,13197,6205,2,72.8300471495928,47.01826172614989,2.777368498600265,0.1397778268226293
2004-03-21,SE-11,Johor,N.17 Semerah,29088,21290,35,494,20761,10669,2,73.19169416941695,51.38962477722653,2.324159021406728,0.16439643024894315
2004-03-21,SE-11,Johor,N.18 Sri Medan,21046,16769,22,434,16313,7797,2,79.67784852228452,47.796236130693316,2.591508926971995,0.13119446597888962
2004-03-21,SE-11,Johor,N.19 Yong Peng,17094,12869,0,492,12377,3847,2,75.28372528372529,31.08184535832593,3.8231408811873493,0.0
2004-03-21,SE-11,Johor,N.20 Semarang,15710,12351,0,303,12048,7826,2,78.6187141947804,64.95683930942894,2.4532426524168085,0.0
2004-03-21,SE-11,Johor,N.21 Parit Yaani,18580,13794,0,0,13794,7276,2,74.24111948331539,52.74757140785849,0.0,0.0
2004-03-21,SE-11,Johor,N.22 Parit Raja,17227,13164,0,0,13164,7656,2,76.41493005166309,58.15861440291704,0.0,0.0
2004-03-21,SE-11,Johor,N.23 Penggaram,32938,24598,112,1394,23092,10598,2,74.67970125690691,45.89468214100121,5.693049089275505,0.4553215708594195
2004-03-21,SE-11,Johor,N.24 Senggarang,19820,0,0,0,0,0,1,,,,
2004-03-21,SE-11,Johor,N.25 Rengit,15657,10906,0,315,10591,4583,2,69.65574503417002,43.272589934850345,2.8883183568677793,0.0
2004-03-21,SE-11,Johor,N.26 Machap,17360,12988,16,351,12621,7555,2,74.81566820276497,59.86054987718882,2.705827937095282,0.12319063751154913
2004-03-21,SE-11,Johor,N.27 Layang-Layang,16880,11900,110,439,11351,7583,2,70.49763033175356,66.80468681173465,3.7234944868532653,0.9243697478991597
2004-03-21,SE-11,Johor,N.28 Mengkibol,34714,25970,101,592,25277,9095,2,74.81131531946765,35.98132689797049,2.288453361165874,0.3889102810935695
2004-03-21,SE-11,Johor,N.29 Mahkota,32761,24829,588,1089,23152,14938,2,75.78828485088978,64.52142363510713,4.492388927849511,2.368198477586693
2004-03-21,SE-11,Johor,N.30 Paloh,15871,11153,13,384,10756,5178,2,70.27282464873039,48.14057270360729,3.4470377019748653,0.11656056666367794
2004-03-21,SE-11,Johor,N.31 Kahang,14896,11729,12,296,11421,7373,2,78.73925886143931,64.55651869363453,2.5262439190919177,0.10231051240514963
2004-03-21,SE-11,Johor,N.32 Endau,16842,11649,13,244,11392,5290,2,69.16636978981118,46.43609550561798,2.0969405293915435,0.1115975620224912
2004-03-21,SE-11,Johor,N.33 Tenggaroh,17048,12833,21,275,12537,8287,2,75.2756921633036,66.10034298476509,2.1464252263502965,0.16364061404192318
2004-03-21,SE-11,Johor,N.34 Panti,13683,10853,28,185,10640,8150,2,79.31740115471754,76.59774436090225,1.7090069284064664,0.25799318160877177
2004-03-21,SE-11,Johor,N.35 Pasir Raja,16136,12203,63,301,11839,8965,2,75.62592959841349,75.7243010389391,2.4794069192751236,0.5162664918462673
2004-03-21,SE-11,Johor,N.36 Sedili,18070,13861,25,228,13608,12144,2,76.70724958494742,89.2416225749559,1.647875108412836,0.18036216723180146
2004-03-21,SE-11,Johor,N.37 Johor Lama,15192,11258,39,192,11027,9051,2,74.10479199578725,82.08034823614764,1.7113824761565204,0.3464203233256351
2004-03-21,SE-11,Johor,N.38 Penawar,15549,0,0,0,0,0,1,,,,
2004-03-21,SE-11,Johor,N.39 Tanjong Surat,15408,11375,258,193,10924,9796,2,73.82528556593977,89.67411204686928,1.7360798776648378,2.268131868131868
2004-03-21,SE-11,Johor,N.40 Tiram,29463,21900,9,522,21369,15595,2,74.33051624070869,72.9795498151528,2.3845415924352475,0.04109589041095891
2004-03-21,SE-11,Johor,N.41 Puteri Wangsa,23181,17363,19,330,17014,12340,2,74.90185928130796,72.52850593628777,1.9026752767527675,0.1094280942233485
2004-03-21,SE-11,Johor,N.42 Johor Jaya,33299,25331,144,626,24561,15395,3,76.07135349409893,62.680672611050035,2.4854091396355265,0.5684734120247917
2004-03-21,SE-11,Johor,N.43 Permas,27872,20838,5,374,20459,10805,2,74.76320321469575,52.81294295908891,1.7952287236595785,0.023994625203954314
2004-03-21,SE-11,Johor,N.44 Tanjong Puteri,47598,33127,0,421,32706,19676,2,69.59746207823858,60.160215251024276,1.2708666646542097,0.0
2004-03-21,SE-11,Johor,N.45 Stulang,43510,29972,658,741,28573,16745,2,68.88531372098369,58.60427676477794,2.527802415228219,2.1953823568664084
2004-03-21,SE-11,Johor,N.46 Pengkalan Rinting,41909,28305,40,541,27724,18918,2,67.53919205898494,68.23690665127687,1.914027949761189,0.1413177883766119
2004-03-21,SE-11,Johor,N.47 Kempas,31347,22644,16,370,22258,15918,2,72.23657766293425,71.51585946625933,1.635142301573272,0.07065889418830595
2004-03-21,SE-11,Johor,N.48 Skudai,40268,29539,24,562,28953,2193,2,73.35601470149994,7.574344627499741,1.904116550906319,0.08124851890720743
2004-03-21,SE-11,Johor,N.49 Nusa Jaya,29755,22758,35,595,22128,14776,2,76.48462443286842,66.77512653651483,2.618492276547991,0.15379207311714563
2004-03-21,SE-11,Johor,N.50 Bukit Permai,14098,10932,6,364,10562,7826,2,77.54291388849482,74.0958151865177,3.3315028372689,0.054884742041712405
2004-03-21,SE-11,Johor,N.51 Bukit Batu,17705,13821,12,442,13367,7235,2,78.06269415419374,54.12583227350939,3.2008110652473025,0.08682439765574126
2004-03-21,SE-11,Johor,N.52 Senai,30470,22983,26,483,22474,5294,2,75.42829012143092,23.55610928183679,2.10393344078059,0.11312709393899839
2004-03-21,SE-11,Johor,N.53 Benut,19478,14698,16,437,14245,8231,2,75.45949276106376,57.781677781677786,2.976433728374881,0.10885834807456797
2004-03-21,SE-11,Johor,N.54 Pulai Sebatang,24899,18751,103,467,18181,10217,2,75.30824531105667,56.19602882129696,2.5042900042900045,0.5493040371180204
2004-03-21,SE-11,Johor,N.55 Pekan Nenas,26607,20309,0,681,19628,11162,2,76.3295373397978,56.86773996331771,3.3531931655916094,0.0
2004-03-21,SE-11,Johor,N.56 Kukup,17968,13626,0,479,13147,9941,2,75.83481745325022,75.61420856469157,3.5153383237927494,0.0
2008-03-08,SE-12,Johor,N.01 Buloh Kasap,15424,11276,0,360,10916,4466,2,73.10684647302904,40.912422132649326,3.192621496984746,0.0
2008-03-08,SE-12,Johor,N.02 Jementah,25284,18434,0,424,18010,1814,2,72.90776775826609,10.072182121043864,2.3000976456547684,0.0
2008-03-08,SE-12,Johor,N.03 Pemanis,19355,14634,0,353,14281,5135,2,75.60836993025059,35.95686576570268,2.412190788574552,0.0
2008-03-08,SE-12,Johor,N.04 Kemelah,15783,12082,0,239,11843,5435,2,76.55071912817588,45.89208815333953,1.9781493130276444,0.0
2008-03-08,SE-12,Johor,N.05 Tenang,14511,10669,14,413,10242,2492,2,73.5235338708566,24.331185315368092,3.8761145002346313,0.131221295341644
2008-03-08,SE-12,Johor,N.06 Bekok,18957,13412,32,304,13076,1944,2,70.74959118003903,14.866931783420007,2.2720478325859492,0.23859230539815093
2008-03-08,SE-12,Johor,N.07 Bukit Serampang,18880,14338,22,356,13960,7250,2,75.9427966101695,51.93409742120344,2.486728136350936,0.15343841539963735
2008-03-08,SE-12,Johor,N.08 Jorak,21162,15974,28,356,15590,4604,2,75.48435875626123,29.531751122514432,2.232534804966763,0.175284837861525
2008-03-08,SE-12,Johor,N.09 Gambir,18724,14434,18,499,13917,2463,2,77.0882290108951,17.697779693899548,3.461431742508324,0.12470555632534293
2008-03-08,SE-12,Johor,N.10 Tangkak,19198,14514,27,522,13965,295,2,75.60162516928847,2.112423916935195,3.603230482501553,0.18602728400165358
2008-03-08,SE-12,Johor,N.11 Serom,20579,15609,56,348,15205,4971,2,75.84916662617232,32.69319302860901,2.2375104481450525,0.35876737779486195
2008-03-08,SE-12,Johor,N.12 Bentayan,21233,15737,20,277,15440,2796,2,74.11576319879433,18.10880829015544,1.7624228542342686,0.12708902586261675
2008-03-08,SE-12,Johor,N.13 Sungai Abong,21592,16352,34,316,16002,1550,2,75.73175250092626,9.68628921384827,1.936511827429832,0.20792563600782776
2008-03-08,SE-12,Johor,N.14 Bukit Naning,13547,11061,157,367,10537,2895,2,81.64907359563003,27.474613267533453,3.36573734409391,1.4194015007684657
2008-03-08,SE-12,Johor,N.15 Maharani,22902,16551,47,354,16150,158,2,72.2687974849358,0.978328173374613,2.1449345613184683,0.2839707570539544
2008-03-08,SE-12,Johor,N.16 Sungai Balang,18117,13722,15,391,13316,2018,2,75.74101672462328,15.15470111144488,2.8525570876194646,0.10931351114997813
2008-03-08,SE-12,Johor,N.17 Semerah,28563,21828,45,545,21238,5074,2,76.42054406049785,23.891138525284866,2.5019510627553596,0.2061572292468389
2008-03-08,SE-12,Johor,N.18 Sri Medan,21671,17807,19,466,17322,7654,2,82.16971990217341,44.18658353538852,2.619743647402743,0.1066996125119335
2008-03-08,SE-12,Johor,N.19 Yong Peng,18328,14134,9,490,13635,2493,2,77.11697948494107,18.283828382838283,3.4690265486725664,0.06367624168671289
2008-03-08,SE-12,Johor,N.20 Semarang,16477,13354,21,287,13046,7314,2,81.04630697335679,56.06316112218305,2.152553813845346,0.15725625280814737
2008-03-08,SE-12,Johor,N.21 Parit Yaani,19545,15373,34,358,14981,3857,2,78.65438731133281,25.745944863493758,2.333920073016494,0.22116698107070837
2008-03-08,SE-12,Johor,N.22 Parit Raja,17300,13926,39,334,13553,5827,2,80.4971098265896,42.994171032243784,2.4051270972852308,0.2800517018526497
2008-03-08,SE-12,Johor,N.23 Penggaram,34519,26252,73,1232,24947,575,2,76.05087053506765,2.3048863590812525,4.706062110852209,0.278074051500838
2008-03-08,SE-12,Johor,N.24 Senggarang,19799,15495,27,428,15040,3028,2,78.26152836001819,20.132978723404253,2.7670028445823633,0.17424975798644723
2008-03-08,SE-12,Johor,N.25 Rengit,15751,12354,28,293,12033,5279,2,78.43311535775507,43.87102135793236,2.37708907999351,0.22664723976040152
2008-03-08,SE-12,Johor,N.26 Machap,18244,14017,8,369,13640,4178,2,76.83073887305414,30.630498533724342,2.634020986508673,0.05707355354212742
2008-03-08,SE-12,Johor,N.27 Layang-Layang,16615,11981,18,375,11588,2442,2,72.1095395726753,21.073524335519505,3.1346652177547436,0.1502378766380102
2008-03-08,SE-12,Johor,N.28 Mengkibol,35253,26717,361,561,25795,1281,2,75.78645789010864,4.966078697421981,2.1285475792988318,1.3511996107347382
2008-03-08,SE-12,Johor,N.29 Mahkota,35980,27849,313,1038,26498,8480,2,77.40133407448583,32.00241527662465,3.7696106914584546,1.1239182735466264
2008-03-08,SE-12,Johor,N.30 Paloh,16084,11563,21,360,11182,2794,2,71.89132056702313,24.986585583974243,3.1190434933287126,0.18161376805327337
2008-03-08,SE-12,Johor,N.31 Kahang,17097,13648,42,386,13220,5324,2,79.82687021114816,40.27231467473525,2.8369836836689695,0.30773739742086753
2008-03-08,SE-12,Johor,N.32 Endau,16269,11550,30,261,11259,3527,2,70.99391480730223,31.326050270894395,2.265625,0.2597402597402597
2008-03-08,SE-12,Johor,N.33 Tenggaroh,20176,15999,127,527,15345,8233,2,79.29718477398889,53.65265558813947,3.3203125,0.7937996124757797
2008-03-08,SE-12,Johor,N.34 Panti,14448,11638,20,189,11429,7503,2,80.55094130675526,65.64878817044361,1.6267860216904801,0.17185083347654237
2008-03-08,SE-12,Johor,N.35 Pasir Raja,17849,14141,413,1118,12610,6792,2,79.22572693148075,53.86201427438541,8.143939393939394,2.9205855314334204
2008-03-08,SE-12,Johor,N.36 Sedili,19190,15606,0,330,15276,12758,2,81.32360604481501,83.51662738936895,2.1145713187235677,0.0
2008-03-08,SE-12,Johor,N.37 Johor Lama,15000,11259,0,228,11031,6305,2,75.06,57.157102710543015,2.0250466293631764,0.0
2008-03-08,SE-12,Johor,N.38 Penawar,16498,13056,54,172,12830,10102,2,79.13686507455449,78.7373343725643,1.3228734040916783,0.4136029411764706
2008-03-08,SE-12,Johor,N.39 Tanjong Surat,16504,12456,475,215,11766,9208,2,75.47261269995153,78.25939146693864,1.7945079709540106,3.813423249839435
2008-03-08,SE-12,Johor,N.40 Tiram,34018,26544,32,680,25832,8178,2,78.02927861720266,31.658408175905855,2.5648762824381413,0.12055455093429776
2008-03-08,SE-12,Johor,N.41 Puteri Wangsa,28487,22156,29,496,21631,5791,2,77.77582757047074,26.771762747908095,2.2416052786188816,0.13089005235602094
2008-03-08,SE-12,Johor,N.42 Johor Jaya,38167,29517,216,713,28588,10488,2,77.33644247648492,36.686721701413184,2.433364049008566,0.7317816851306027
2008-03-08,SE-12,Johor,N.43 Permas,34695,26374,46,590,25738,2018,2,76.01671710621127,7.840547051052918,2.2409601944697664,0.17441419579889283
2008-03-08,SE-12,Johor,N.44 Tanjong Puteri,47062,33020,3,711,32306,13740,2,70.1627640134291,42.53079923234074,2.1534361086712908,0.009085402786190189
2008-03-08,SE-12,Johor,N.45 Stulang,42663,29898,565,770,28563,6181,3,70.07945995358976,21.639883765710884,2.6250298298844306,1.8897585122750686
2008-03-08,SE-12,Johor,N.46 Pengkalan Rinting,46664,32763,121,610,32032,10374,2,70.21044059660552,32.38636363636363,1.8687580417866552,0.36931904892714346
2008-03-08,SE-12,Johor,N.47 Kempas,32958,24102,55,439,23608,8186,2,73.12943746586565,34.674686546933245,1.825591549881482,0.22819683013857772
2008-03-08,SE-12,Johor,N.48 Skudai,44459,34029,45,590,33394,12854,2,76.54018309003801,38.49194466071749,1.7361111111111112,0.13224014810896587
2008-03-08,SE-12,Johor,N.49 Nusa Jaya,34217,26699,47,750,25902,7384,2,78.02846538270451,28.507451162072428,2.814047726249437,0.17603655567624255
2008-03-08,SE-12,Johor,N.50 Bukit Permai,14863,12116,59,479,11578,5192,2,81.51786315010429,44.84366902746588,3.9727958862071824,0.48695939253879167
2008-03-08,SE-12,Johor,N.51 Bukit Batu,19556,15810,17,524,15269,2341,2,80.84475352832891,15.331717859715763,3.3179256632685368,0.10752688172043011
2008-03-08,SE-12,Johor,N.52 Senai,32939,25800,29,577,25194,4030,2,78.32660372203163,15.995872033023737,2.2389507586046333,0.11240310077519379
2008-03-08,SE-12,Johor,N.53 Benut,18646,14376,27,457,13892,6304,2,77.09964603668347,45.378635185718394,3.1848909331660744,0.18781302170283806
2008-03-08,SE-12,Johor,N.54 Pulai Sebatang,24618,18460,0,469,17991,5765,2,74.98578276058169,32.04379967761658,2.5406283856988083,0.0
2008-03-08,SE-12,Johor,N.55 Pekan Nenas,28012,21746,0,476,21270,3324,2,77.63101527916606,15.627644569816642,2.1889083049756275,0.0
2008-03-08,SE-12,Johor,N.56 Kukup,17689,13605,0,450,13155,8639,2,76.91220532534344,65.67084758646902,3.307607497243661,0.0
2013-05-05,SE-13,Johor,N.01 Buloh Kasap,18779,16057,34,497,15526,3370,2,85.50508546780978,21.70552621409249,3.101791175185671,0.21174565610014326
2013-05-05,SE-13,Johor,N.02 Jementah,28230,23838,44,428,23366,2196,2,84.44208289054198,9.398270992039716,1.7987727998655123,0.18457924322510277
2013-05-05,SE-13,Johor,N.03 Pemanis,22617,19679,33,365,19281,1329,2,87.00977141088562,6.892796016804108,1.8578845566527538,0.16769144773616546
2013-05-05,SE-13,Johor,N.04 Kemelah,20449,17840,37,229,17574,2260,2,87.24142989877257,12.859906680323204,1.2863000617873392,0.20739910313901347
2013-05-05,SE-13,Johor,N.05 Tenang,16940,14619,26,337,14256,1586,2,86.2987012987013,11.125140291806957,2.309326389364764,0.17785074218482796
2013-05-05,SE-13,Johor,N.06 Bekok,20774,17408,25,298,17085,1401,2,83.79705400981997,8.20017559262511,1.7143185871253523,0.14361213235294118
2013-05-05,SE-13,Johor,N.07 Bukit Serampang,21429,18527,36,382,18109,7845,2,86.4576041812497,43.32100060743277,2.0658698826456114,0.19431100555945377
2013-05-05,SE-13,Johor,N.08 Jorak,25364,22086,37,449,21600,3726,2,87.07617095095411,17.25,2.036373531679441,0.16752694014307706
2013-05-05,SE-13,Johor,N.09 Gambir,21382,18711,21,492,18198,310,4,87.50818445421382,1.7034838993295967,2.6324237560192616,0.11223344556677892
2013-05-05,SE-13,Johor,N.10 Tangkak,23394,20381,22,438,19921,1537,2,87.12062922116782,7.71547613071633,2.1513826808782355,0.10794367302880133
2013-05-05,SE-13,Johor,N.11 Serom,24540,21290,13,305,20972,2264,2,86.7563162184189,10.795346175853519,1.4334727640174838,0.06106153123532175
2013-05-05,SE-13,Johor,N.12 Bentayan,23438,19882,50,209,19623,6847,2,84.82805700145065,34.892727921316826,1.0538523598225091,0.25148375414948193
2013-05-05,SE-13,Johor,N.13 Sungai Abong,28262,24762,73,334,24355,3813,2,87.61587998018541,15.655922808458222,1.3528291951881406,0.2948065584363137
2013-05-05,SE-13,Johor,N.14 Bukit Naning,15502,13809,54,319,13436,1455,3,89.07882853825313,10.829115808276272,2.319156670301709,0.3910493156636976
2013-05-05,SE-13,Johor,N.15 Maharani,27090,22743,48,369,22326,3136,2,83.95348837209302,14.046403296604856,1.6259087904824852,0.21105395066613902
2013-05-05,SE-13,Johor,N.16 Sungai Balang,21118,18249,44,408,17797,1635,2,86.4144331849607,9.186941619374052,2.241142543257347,0.24110910186859552
2013-05-05,SE-13,Johor,N.17 Semerah,31046,26683,78,446,26159,2649,2,85.9466597951427,10.126533888910126,1.6763766209359143,0.29232095341603265
2013-05-05,SE-13,Johor,N.18 Sri Medan,25850,23171,59,474,22638,9430,2,89.63636363636364,41.65562328827635,2.050882658359294,0.25462863061585606
2013-05-05,SE-13,Johor,N.19 Yong Peng,22484,19584,44,365,19175,2475,2,87.10193915673368,12.907431551499348,1.8679631525076765,0.22467320261437906
2013-05-05,SE-13,Johor,N.20 Semarang,20429,18254,47,320,17887,8075,2,89.35337020901659,45.14451836529323,1.757565771406602,0.2574778130820642
2013-05-05,SE-13,Johor,N.21 Parit Yaani,24609,21782,35,379,21368,1188,2,88.51233288634239,5.559715462373642,1.7427691175794364,0.16068313286199615
2013-05-05,SE-13,Johor,N.22 Parit Raja,20207,18117,45,350,17722,3956,2,89.65704953728905,22.322536959711094,1.936697653829128,0.24838549428713363
2013-05-05,SE-13,Johor,N.23 Penggaram,45157,39408,69,836,38503,10051,2,87.26886197045862,26.104459392774586,2.1251175678080276,0.1750913520097442
2013-05-05,SE-13,Johor,N.24 Senggarang,24048,21171,49,469,20653,1855,2,88.03642714570859,8.981745993318162,2.2204336710538777,0.23144867979783668
2013-05-05,SE-13,Johor,N.25 Rengit,19067,16623,35,316,16272,5492,2,87.18204227198825,33.75122910521141,1.9049915601639738,0.21055164531071408
2013-05-05,SE-13,Johor,N.26 Machap,22221,19596,26,442,19128,3902,2,88.18685027676523,20.399414470932665,2.2585590189064897,0.13268013880383753
2013-05-05,SE-13,Johor,N.27 Layang-Layang,17922,15158,60,390,14708,2518,2,84.57761410556857,17.119934729398967,2.583123592528812,0.39583058450982983
2013-05-05,SE-13,Johor,N.28 Mengkibol,42380,36763,80,527,36156,10001,3,86.74610665408211,27.660692554486115,1.4366327726739907,0.21761009710850585
2013-05-05,SE-13,Johor,N.29 Mahkota,44352,38499,103,642,37754,1108,2,86.80330086580086,2.9347883667955714,1.672049171788728,0.26753941660822356
2013-05-05,SE-13,Johor,N.30 Paloh,18222,15378,16,403,14959,103,2,84.39249259137307,0.688548699779397,2.6233563338107015,0.10404473923787229
2013-05-05,SE-13,Johor,N.31 Kahang,23366,20532,37,386,20109,7801,2,87.87126594196695,38.79357501616192,1.8833861917540864,0.18020650691603352
2013-05-05,SE-13,Johor,N.32 Endau,19040,15625,58,311,15256,3110,2,82.06407563025209,20.385422128998425,1.9978158925933063,0.3712
2013-05-05,SE-13,Johor,N.33 Tenggaroh,25457,21768,57,617,21094,13014,2,85.50889735632636,61.69526879681426,2.8418773893418083,0.2618522601984564
2013-05-05,SE-13,Johor,N.34 Panti,17358,15407,52,319,15036,10270,3,88.76022583246917,68.30274009044959,2.0774991859329206,0.33750892451483094
2013-05-05,SE-13,Johor,N.35 Pasir Raja,22336,19539,36,329,19174,6666,2,87.47761461318052,34.765828726400336,1.686919961031636,0.18424689083371718
2013-05-05,SE-13,Johor,N.36 Sedili,24716,22139,50,402,21687,18127,2,89.57355559151966,83.58463595702494,1.8199103626239306,0.22584579249288586
2013-05-05,SE-13,Johor,N.37 Johor Lama,17178,14804,34,254,14516,7022,2,86.1799976714402,48.37420777073574,1.7197020988490181,0.2296676573898946
2013-05-05,SE-13,Johor,N.38 Penawar,19881,17683,47,252,17384,12818,2,88.9442180976812,73.73446847676024,1.4288954411431163,0.2657920036192954
2013-05-05,SE-13,Johor,N.39 Tanjong Surat,18118,15384,52,339,14993,9035,2,84.91003422011259,60.261455345828054,2.2110618314636055,0.3380135205408216
2013-05-05,SE-13,Johor,N.40 Tiram,46658,40861,37,835,39989,7443,2,87.57554974495262,18.612618470079273,2.0453654712913973,0.09055089204865274
2013-05-05,SE-13,Johor,N.41 Puteri Wangsa,43824,38974,47,709,38218,3469,3,88.93300474625777,9.07687477105029,1.8213579263750095,0.12059321599014727
2013-05-05,SE-13,Johor,N.42 Johor Jaya,51648,45618,56,1087,44475,1460,3,88.32481412639405,3.2827431141090497,2.38576006321057,0.12275856021745801
2013-05-05,SE-13,Johor,N.43 Permas,49393,43032,51,829,42152,5752,2,87.12165691494747,13.645853103055607,1.9287592191898746,0.1185164528722811
2013-05-05,SE-13,Johor,N.44 Tanjong Puteri,51442,43067,98,692,42277,9097,2,83.71952878970491,21.517610048016653,1.6104633573041027,0.22755241832493556
2013-05-05,SE-13,Johor,N.45 Stulang,44879,36998,71,625,36302,3296,2,82.43944829430245,9.079389565313207,1.692528502179977,0.1919022649872966
2013-05-05,SE-13,Johor,N.46 Pengkalan Rinting,61217,52213,92,1163,50958,1970,2,85.29166734730549,3.865928804113191,2.2313462903628096,0.17620132917089615
2013-05-05,SE-13,Johor,N.47 Kempas,39273,33911,74,594,33243,3947,2,86.34685407277264,11.873176307794123,1.755474776132636,0.21821827725516793
2013-05-05,SE-13,Johor,N.48 Skudai,56543,50048,90,624,49334,18050,2,88.51316697027042,36.58734341427818,1.2490492013291163,0.17982736572890026
2013-05-05,SE-13,Johor,N.49 Nusa Jaya,50183,45220,117,972,44131,2201,2,90.11019668015065,4.987423806394598,2.1550672904241406,0.25873507297655907
2013-05-05,SE-13,Johor,N.50 Bukit Permai,21619,19474,44,327,19103,3369,2,90.07817197835237,17.63597340731822,1.6829644879053012,0.22594228201704836
2013-05-05,SE-13,Johor,N.51 Bukit Batu,22262,20040,33,493,19514,4015,3,90.01886622944929,20.5749718151071,2.46413755185685,0.16467065868263472
2013-05-05,SE-13,Johor,N.52 Senai,40110,35601,50,558,34993,11227,2,88.7584143605086,32.08355956905667,1.5695761019380607,0.1404454931041263
2013-05-05,SE-13,Johor,N.53 Benut,21463,18624,34,446,18144,6572,2,86.77258537949028,36.22134038800706,2.399139322216245,0.18256013745704466
2013-05-05,SE-13,Johor,N.54 Pulai Sebatang,28170,24207,46,465,23696,3412,2,85.9318423855165,14.39905469277515,1.9245892140225984,0.19002767794439626
2013-05-05,SE-13,Johor,N.55 Pekan Nenas,32486,28745,37,505,28203,2669,2,88.48427014714031,9.463532248342375,1.759091542427198,0.1287180379196382
2013-05-05,SE-13,Johor,N.56 Kukup,19389,16877,33,426,16418,6946,2,87.04420031976893,42.30722377877939,2.529090477321301,0.19553238134739584
2018-05-09,SE-14,Johor,N.01 Buloh Kasap,21484,17881,45,341,17495,877,2,83.22938000372369,5.012860817376393,1.9118636465575238,0.2516637771936692
2018-05-09,SE-14,Johor,N.02 Jementah,33866,28296,82,557,27657,7001,3,83.55282584302842,25.313663810246958,1.9741972070603246,0.2897936104042974
2018-05-09,SE-14,Johor,N.03 Pemanis,22314,18843,8,439,18396,363,3,84.44474321054047,1.9732550554468362,2.330767188744359,0.04245608448760813
2018-05-09,SE-14,Johor,N.04 Kemelah,23282,19687,74,296,19317,2355,2,84.55888669358302,12.191334058083553,1.5092030795900677,0.37588256209681514
2018-05-09,SE-14,Johor,N.05 Tenang,18398,15270,29,227,15014,1070,3,82.99815197304055,7.126681763687226,1.4894035824420968,0.1899148657498363
2018-05-09,SE-14,Johor,N.06 Bekok,21958,17878,48,333,17497,2469,2,81.41907277529829,14.11099045550666,1.8676388109927091,0.2684864078756013
2018-05-09,SE-14,Johor,N.07 Bukit Kepong,28992,24352,151,383,23818,1273,3,83.99558498896246,5.344697287765555,1.5825792322631296,0.6200722733245729
2018-05-09,SE-14,Johor,N.08 Bukit Pasir,22520,19305,136,1382,17787,1883,2,85.72380106571936,10.586383313656041,7.209557097396839,0.7044807044807044
2018-05-09,SE-14,Johor,N.09 Gambir,22726,19740,79,383,19278,3088,3,86.86086420839567,16.01825915551406,1.948018920705966,0.4002026342451875
2018-05-09,SE-14,Johor,N.10 Tangkak,26354,22583,73,563,21947,5077,2,85.69097670182894,23.133002232651386,2.5011106175033317,0.3232520037196121
2018-05-09,SE-14,Johor,N.11 Serom,28394,24389,98,359,23932,2324,3,85.8949073747975,9.710847400969413,1.4779136305627598,0.40182049284513516
2018-05-09,SE-14,Johor,N.12 Bentayan,27856,23234,54,253,22927,13629,2,83.4075244112579,59.44519562088367,1.091458153580673,0.23241800809158994
2018-05-09,SE-14,Johor,N.13 Simpang Jeram,28193,24069,77,235,23757,7687,4,85.37225552442096,32.35677905459443,0.9794931643881294,0.31991358178569945
2018-05-09,SE-14,Johor,N.14 Bukit Naning,17834,15330,75,206,15049,1552,4,85.95940338678928,10.31297760648548,1.3503769255981646,0.4892367906066536
2018-05-09,SE-14,Johor,N.15 Maharani,27900,23397,93,299,23005,5674,3,83.86021505376344,24.66420343403608,1.2830415379334021,0.3974868572893961
2018-05-09,SE-14,Johor,N.16 Sungai Balang,22943,19470,62,392,19016,174,3,84.86248528963083,0.9150189314261673,2.019785655399835,0.31843862352336927
2018-05-09,SE-14,Johor,N.17 Semerah,35557,29961,102,405,29454,98,3,84.26188936074472,0.33272221090514026,1.3563749623229175,0.34044257534795236
2018-05-09,SE-14,Johor,N.18 Sri Medan,24052,20811,76,363,20372,6040,3,86.52502910360886,29.648537207932456,1.750663129973475,0.36519148527221185
2018-05-09,SE-14,Johor,N.19 Yong Peng,24903,21113,45,300,20768,5089,3,84.78095008633498,24.50404468412943,1.4239605088285552,0.21313882442097284
2018-05-09,SE-14,Johor,N.20 Semarang,21254,18372,47,242,18083,5842,3,86.44019949186035,32.306586296521594,1.320600272851296,0.25582408012192465
2018-05-09,SE-14,Johor,N.21 Parit Yaani,26635,23158,194,237,22727,4834,3,86.94574807584006,21.269855238262856,1.0320501654763978,0.8377234648933415
2018-05-09,SE-14,Johor,N.22 Parit Raja,25484,22037,91,380,21566,638,3,86.47386595510909,2.9583603820829083,1.7315228287615054,0.41294187049053865
2018-05-09,SE-14,Johor,N.23 Penggaram,49750,42257,207,420,41630,17205,3,84.93869346733668,41.32836896468893,0.9988109393579072,0.48985966822064986
2018-05-09,SE-14,Johor,N.24 Senggarang,27587,23493,73,394,23026,809,3,85.15967665929605,3.5134196126118304,1.6823228010247653,0.3107308559996595
2018-05-09,SE-14,Johor,N.25 Rengit,21206,17818,64,329,17425,4172,3,84.02338960671509,23.942611190817793,1.8531035259659796,0.35918733864631275
2018-05-09,SE-14,Johor,N.26 Machap,24156,20445,48,421,19976,404,3,84.63735717834079,2.022426912294754,2.0640290238760604,0.23477622890682318
2018-05-09,SE-14,Johor,N.27 Layang-Layang,19842,16257,48,336,15873,364,3,81.93226489265196,2.293202293202293,2.072922450490468,0.2952574275696623
2018-05-09,SE-14,Johor,N.28 Mengkibol,48365,40657,205,560,39892,19226,2,84.06285537061925,48.195126842474686,1.3843567685157718,0.5042182158053963
2018-05-09,SE-14,Johor,N.29 Mahkota,48550,41185,197,550,40438,1668,3,84.83007209062822,4.124833077798111,1.341856153020396,0.4783294888915868
2018-05-09,SE-14,Johor,N.30 Paloh,21399,17633,73,366,17194,783,3,82.40104677788682,4.553914156100966,2.0842824601366745,0.41399648386547955
2018-05-09,SE-14,Johor,N.31 Kahang,22738,19132,82,375,18675,2861,2,84.14108540768758,15.319946452476573,1.968503937007874,0.428601296257579
2018-05-09,SE-14,Johor,N.32 Endau,19538,15282,58,343,14881,3080,3,78.21680827106152,20.697533767891944,2.253021544929059,0.3795314749378354
2018-05-09,SE-14,Johor,N.33 Tenggaroh,28638,23025,79,550,22396,5765,3,80.40016760946993,25.741203786390425,2.3969319271332696,0.34310532030401736
2018-05-09,SE-14,Johor,N.34 Panti,25751,21779,66,248,21465,3424,3,84.57535629684284,15.95154903331004,1.1421728918159628,0.30304421690619404
2018-05-09,SE-14,Johor,N.35 Pasir Raja,18998,16012,0,398,15614,1847,3,84.28255605853248,11.829127705904957,2.4856357731701224,0.0
2018-05-09,SE-14,Johor,N.36 Sedili,21456,18162,181,335,17646,9168,2,84.64765100671141,51.95511730703842,1.863077693120516,0.9965862790441581
2018-05-09,SE-14,Johor,N.37 Johor Lama,25221,21256,230,336,20690,5807,3,84.27897387098054,28.06669888835186,1.5980214971939504,1.0820474219044034
2018-05-09,SE-14,Johor,N.38 Penawar,21490,18121,340,255,17526,7134,2,84.32294090274546,40.70523793221499,1.4341150666441709,1.8762761437006787
2018-05-09,SE-14,Johor,N.39 Tanjung Surat,18989,15459,450,303,14706,4522,2,81.41029016799199,30.749354005167955,2.0187887267639417,2.910925674364448
2018-05-09,SE-14,Johor,N.40 Tiram,60686,51234,85,735,50414,8098,3,84.42474376297663,16.06299837346769,1.4369782400437936,0.16590545340984503
2018-05-09,SE-14,Johor,N.41 Puteri Wangsa,62347,54188,197,546,53445,24959,5,86.91356440566507,46.70034615024792,1.0112796577207313,0.3635491252675869
2018-05-09,SE-14,Johor,N.42 Johor Jaya,61079,52645,222,699,51724,15565,3,86.19165343243995,30.092413579769545,1.3333842015909048,0.42169246842055275
2018-05-09,SE-14,Johor,N.43 Permas,63093,53929,96,699,53134,8746,4,85.47540931640594,16.46027026009711,1.2984600523842253,0.17801183036955998
2018-05-09,SE-14,Johor,N.44 Larkin,55858,45341,179,495,44667,8590,3,81.17190017544488,19.231199767165915,1.096054204862495,0.39478617586731657
2018-05-09,SE-14,Johor,N.45 Stulang,45551,36302,90,678,35534,12470,2,79.69528660183092,35.093150222322286,1.872307522368276,0.24792022478100378
2018-05-09,SE-14,Johor,N.46 Perling,62895,52222,157,524,51541,19533,3,83.03044757134907,37.89798412913991,1.0064342648612312,0.30063957718969014
2018-05-09,SE-14,Johor,N.47 Kempas,43373,35883,116,350,35417,9178,3,82.7311922163558,25.914109043679588,0.9785556518578579,0.3232728590140178
2018-05-09,SE-14,Johor,N.48 Skudai,70928,60440,122,726,59592,35126,2,85.21317392285134,58.94415357766143,1.2036208097085448,0.20185307743216413
2018-05-09,SE-14,Johor,N.49 Kota Iskandar,67371,58335,82,920,57333,14543,3,86.58770093957341,25.3658451502625,1.5793178033749335,0.14056741235964687
2018-05-09,SE-14,Johor,N.50 Bukit Permai,24275,21178,43,278,20857,2531,3,87.24201853759011,12.135014623387832,1.3153536787319613,0.20304089149117008
2018-05-09,SE-14,Johor,N.51 Bukit Batu,30216,26400,53,306,26041,10057,3,87.37092930897538,38.61986866863792,1.1614225528523172,0.20075757575757575
2018-05-09,SE-14,Johor,N.52 Senai,44656,38225,96,483,37646,18902,2,85.59879971336439,50.20984965202147,1.266752340738021,0.2511445389143231
2018-05-09,SE-14,Johor,N.53 Benut,20894,17750,289,358,17103,4447,3,84.95261797645257,26.00128632403672,2.0502834889181605,1.6281690140845069
2018-05-09,SE-14,Johor,N.54 Pulai Sebatang,34676,29100,130,376,28594,3395,3,83.91971392317453,11.873120235014339,1.297894373489817,0.4467353951890034
2018-05-09,SE-14,Johor,N.55 Pekan Nanas,26608,22997,39,554,22404,1308,2,86.42889356584486,5.838243170862346,2.4131021866016202,0.1695873374788016
2018-05-09,SE-14,Johor,N.56 Kukup,26920,22863,37,422,22404,862,3,84.9294205052006,3.8475272272808425,1.8487689476912292,0.16183353015789703
2022-03-12,SE-15,Johor,N.01 Buloh Kasap,28481,16255,67,464,15724,5377,4,57.07313647694955,34.1961332994149,2.8663207314059798,0.41218086742540755
2022-03-12,SE-15,Johor,N.02 Jementah,41221,22146,104,348,21694,714,3,53.72504306057591,3.291232598875265,1.5788041012612286,0.46961076492368825
2022-03-12,SE-15,Johor,N.03 Pemanis,29923,17640,98,301,17241,4187,4,58.95130835811917,24.285134272954004,1.7158818834796488,0.5555555555555556
2022-03-12,SE-15,Johor,N.04 Kemelah,33702,18770,80,412,18278,1611,4,55.694024093525606,8.813874603348287,2.204387372926699,0.42621204049014383
2022-03-12,SE-15,Johor,N.05 Tenang,22613,12317,59,281,11977,1736,4,54.468668465042235,14.494447691408533,2.292380486213085,0.4790127466103759
2022-03-12,SE-15,Johor,N.06 Bekok,27426,14071,86,271,13714,3569,4,51.30533070808722,26.024500510427302,1.9377904898105112,0.611186127496269
2022-03-12,SE-15,Johor,N.07 Bukit Kepong,37495,22874,85,486,22303,710,4,61.00546739565276,3.1834282383535846,2.132607837114397,0.3716009443035761
2022-03-12,SE-15,Johor,N.08 Bukit Pasir,32213,19281,63,381,18837,198,6,59.85471703970446,1.051122790253225,1.9825163908835466,0.32674653804263265
2022-03-12,SE-15,Johor,N.09 Gambir,29434,18053,245,305,17503,3146,4,61.33383162329279,17.97406158944181,1.712713387241689,1.3571151609150833
2022-03-12,SE-15,Johor,N.10 Tangkak,35554,20247,81,326,19840,372,5,56.94717893907858,1.875,1.6165823663592185,0.4000592680397096
2022-03-12,SE-15,Johor,N.11 Serom,39018,22651,108,387,22156,699,4,58.05269362858168,3.1549016067882287,1.7167191589406912,0.4768001412741159
2022-03-12,SE-15,Johor,N.12 Bentayan,34728,17334,91,239,17004,7476,3,49.91361437456807,43.96612561750177,1.386069709447312,0.524979808468905
2022-03-12,SE-15,Johor,N.13 Simpang Jeram,40014,21897,141,387,21369,2399,4,54.723346828609984,11.226543123215874,1.778819635962493,0.6439238251815317
2022-03-12,SE-15,Johor,N.14 Bukit Naning,22594,14550,56,238,14256,1535,5,64.39762768876693,10.767396184062852,1.642058782944667,0.3848797250859107
2022-03-12,SE-15,Johor,N.15 Maharani,38596,21523,151,356,21016,1037,6,55.76484609804125,4.9343357441948985,1.665730862811155,0.7015750592389537
2022-03-12,SE-15,Johor,N.16 Sungai Balang,30121,18624,93,331,18200,2293,4,61.830616513395974,12.5989010989011,1.7861961038260215,0.49935567010309273
2022-03-12,SE-15,Johor,N.17 Semerah,46640,28620,161,543,27916,4041,5,61.36363636363637,14.47556956584038,1.9080080115253522,0.5625436757512229
2022-03-12,SE-15,Johor,N.18 Sri Medan,32696,22241,139,350,21752,6274,4,68.02361145094201,28.84332475174697,1.5835670980001808,0.62497189874556
2022-03-12,SE-15,Johor,N.19 Yong Peng,33053,19017,83,254,18680,2741,3,57.5348682419145,14.673447537473233,1.3415020597866272,0.43645159594047434
2022-03-12,SE-15,Johor,N.20 Semarang,27734,18513,224,330,17959,5846,4,66.75200115381841,32.55192382649368,1.8043632784733994,1.2099605682493382
2022-03-12,SE-15,Johor,N.21 Parit Yaani,41851,24101,157,424,23520,294,4,57.58763231464003,1.25,1.7707985299031073,0.6514252520642297
2022-03-12,SE-15,Johor,N.22 Parit Raja,36059,21957,164,341,21452,4219,4,60.89187165478799,19.66716390080179,1.5647226173541962,0.7469144236462176
2022-03-12,SE-15,Johor,N.23 Penggaram,69092,35024,228,870,33926,9956,4,50.691831181612926,29.346224134881805,2.500287389355098,0.6509821836455002
2022-03-12,SE-15,Johor,N.24 Senggarang,37374,22139,158,424,21557,3912,5,59.236367528228186,18.147237556246232,1.9289386288157955,0.7136727042775193
2022-03-12,SE-15,Johor,N.25 Rengit,27123,16598,95,346,16157,1920,4,61.19529550565941,11.883394194466794,2.096588499060777,0.5723581154355947
2022-03-12,SE-15,Johor,N.26 Machap,33764,20018,120,425,19473,6543,4,59.287999052245,33.600369742720694,2.1358930545783497,0.5994604855629933
2022-03-12,SE-15,Johor,N.27 Layang-Layang,25147,14181,71,381,13729,2815,4,56.39241261383068,20.504042537693934,2.700212615166549,0.5006699104435512
2022-03-12,SE-15,Johor,N.28 Mengkibol,66362,34455,246,574,33635,10107,3,51.91977336427473,30.049056042812545,1.6779210149375896,0.7139747496734872
2022-03-12,SE-15,Johor,N.29 Mahkota,65074,37316,286,805,36225,5166,4,57.343946891231525,14.26086956521739,2.1739130434782608,0.7664272698038375
2022-03-12,SE-15,Johor,N.30 Paloh,25831,15176,81,424,14671,3176,4,58.75111300375517,21.64814941040147,2.808877111626366,0.5337374802319452
2022-03-12,SE-15,Johor,N.31 Kahang,29343,17288,95,465,16728,6698,4,58.916947824012546,40.040650406504064,2.7045890769499215,0.5495141138361869
2022-03-12,SE-15,Johor,N.32 Endau,27924,15474,61,212,15201,3041,5,55.41469703480877,20.00526281165713,1.3754622721079608,0.3942096419800956
2022-03-12,SE-15,Johor,N.33 Tenggaroh,38408,21982,117,423,21442,1356,4,57.23286815246823,6.324036936852906,1.934598673679396,0.5322536620871623
2022-03-12,SE-15,Johor,N.34 Panti,38408,22435,102,341,21992,5854,4,58.412309935430116,26.618770461986173,1.5268884610218063,0.4546467572988634
2022-03-12,SE-15,Johor,N.35 Pasir Raja,28045,16492,88,289,16115,4888,4,58.80549117489748,30.33198883028235,1.7617654230675444,0.5335920446276983
2022-03-12,SE-15,Johor,N.36 Sedili,28659,19377,77,309,18991,5679,4,67.61226839736209,29.903638565636353,1.6010362694300517,0.3973783351395985
2022-03-12,SE-15,Johor,N.37 Johor Lama,32658,20444,73,273,20098,6039,4,62.60028170739176,30.047765946860384,1.3401403956604978,0.357072979847388
2022-03-12,SE-15,Johor,N.38 Penawar,29933,18897,70,300,18527,7505,4,63.130992550028395,40.508447131213906,1.5934562065119242,0.37042916865110864
2022-03-12,SE-15,Johor,N.39 Tanjung Surat,25132,15048,81,260,14707,5903,4,59.8758554830495,40.13734956143333,1.737155074497227,0.5382775119617225
2022-03-12,SE-15,Johor,N.40 Tiram,105707,57938,468,1053,56417,5281,7,54.80999366172533,9.360653703670879,1.8322603097268142,0.807760019331009
2022-03-12,SE-15,Johor,N.41 Puteri Wangsa,112804,54063,341,774,52948,7114,6,47.926491968369916,13.435823827151166,1.4407505305089163,0.63074561160128
2022-03-12,SE-15,Johor,N.42 Johor Jaya,91882,48902,243,1262,47397,1922,4,53.22261161054396,4.05510897314176,2.593559259335375,0.4969121917303996
2022-03-12,SE-15,Johor,N.43 Permas,103598,57658,607,1024,56027,7926,5,55.655514585223656,14.146750673782282,1.794885278084521,1.0527593742412154
2022-03-12,SE-15,Johor,N.44 Larkin,76004,39329,264,632,38433,6178,6,51.74596073890848,16.074727447766243,1.6178164597465763,0.6712603930941544
2022-03-12,SE-15,Johor,N.45 Stulang,60577,28490,184,432,27874,2866,5,47.03105138914109,10.281983210160007,1.5261781954355966,0.6458406458406458
2022-03-12,SE-15,Johor,N.46 Perling,101263,43826,393,695,42738,3347,3,43.27938141275688,7.831438064485938,1.6001657725692446,0.8967279696983527
2022-03-12,SE-15,Johor,N.47 Kempas,62011,31254,235,392,30627,3514,7,50.40073535340505,11.47353642211121,1.263741577742674,0.7519037563191912
2022-03-12,SE-15,Johor,N.48 Skudai,102828,46144,507,604,45033,13943,3,44.87493678764539,30.961739169053804,1.3234875210903434,1.09873439667129
2022-03-12,SE-15,Johor,N.49 Kota Iskandar,116415,58507,755,1038,56714,4360,5,50.25726925224413,7.687696159678387,1.7973403518492865,1.2904438785102639
2022-03-12,SE-15,Johor,N.50 Bukit Permai,39611,23088,115,457,22516,4755,4,58.28683951427634,21.118315864274294,1.9892917773037915,0.49809424809424807
2022-03-12,SE-15,Johor,N.51 Bukit Batu,46237,24820,117,624,24079,137,4,53.67995328416636,0.5689605050043607,2.5260089867627413,0.4713940370668816
2022-03-12,SE-15,Johor,N.52 Senai,63717,32580,192,457,31931,5921,3,51.13235086397665,18.543108577871035,1.4110164258367297,0.5893186003683241
2022-03-12,SE-15,Johor,N.53 Benut,28165,17678,106,300,17272,5859,4,62.765844132788914,33.9219546086151,1.7072615524698385,0.5996153411019346
2022-03-12,SE-15,Johor,N.54 Pulai Sebatang,46991,25616,156,543,24917,6325,4,54.51256623608776,25.384275795641532,2.1327572663000787,0.6089943785134291
2022-03-12,SE-15,Johor,N.55 Pekan Nanas,35865,21835,108,335,21392,4835,4,60.88108183465775,22.601907255048616,1.5418603580798087,0.49461873139455004
2022-03-12,SE-15,Johor,N.56 Kukup,34624,19819,82,455,19282,8201,4,57.24064232902033,42.53189503163573,2.305314890814207,0.4137443866996317
