state,election,election_ge,code_parlimen,n_dun,dun_sum,dun_missing,date,ge_voters,status,diff
Johor,SE-01,GE-01,P.097,2,22350,0,1959-05-20,22341,checked,9
Johor,SE-01,GE-01,P.098,2,18739,0,1959-05-20,18753,checked,-14
Johor,SE-01,GE-01,P.101,2,15898,0,1959-05-20,15899,checked,-1
Johor,SE-03,GE-03,P.097,2,29753,0,1969-05-10,29663,checked,90
Johor,SE-03,GE-03,P.099,2,30173,0,1969-05-10,30171,checked,2
Johor,SE-04,GE-04,P.103,2,25870,0,1974-08-24,25850,checked,20
Johor,SE-05,GE-05,P.114,2,75186,0,1978-07-08,75816,checked,-630
Johor,SE-06,GE-06,P.114,2,98504,0,1982-04-22,98505,checked,-1
Kedah,SE-01,GE-01,P.009,2,22672,0,1959-05-20,22762,checked,-90
Kedah,SE-06,GE-06,P.004,2,43583,0,1982-04-22,43683,checked,-100
Kedah,SE-06,GE-06,P.013,2,56633,0,1982-04-22,56093,checked,540
Kedah,SE-06,GE-06,P.015,2,36399,0,1982-04-22,36389,checked,10
Kedah,SE-09,GE-09,P.010,3,57425,0,1995-04-24,57405,checked,20
Kedah,SE-10,GE-10,P.011,2,53727,0,1999-11-29,53388,checked,339
Kedah,SE-11,GE-11,P.012,3,63796,0,2004-03-21,63886,checked,-90
Kelantan,SE-02,GE-02,P.017,3,24664,0,1964-04-25,24644,checked,20
Kelantan,SE-04,GE-04,P.022,3,28526,0,1974-08-24,28525,checked,1
Kelantan,SE-06,GE-06,P.026,3,24175,0,1982-04-22,24445,checked,-270
Kelantan,SE-08,GE-08,P.021,3,40938,0,1990-10-20,41118,checked,-180
Kelantan,SE-10,GE-10,P.023,3,44191,0,1999-11-29,44190,checked,1
Melaka,SE-10,GE-10,P.123,5,76364,0,1999-11-29,76374,checked,-10
Melaka,SE-10,GE-10,P.124,5,47535,0,1999-11-29,48165,checked,-630
Negeri Sembilan,SE-09,GE-09,P.119,5,65346,0,1995-04-24,65345,checked,1
Pahang,SE-03,GE-03,P.064,4,31390,0,1969-05-10,32390,checked,-1000
Pahang,SE-07,GE-07,P.074,3,33010,0,1986-08-02,33131,checked,-121
Pahang,SE-09,GE-09,P.075,4,42356,0,1995-04-24,42361,checked,-5
Pahang,SE-09,GE-09,P.081,4,40314,0,1995-04-24,41406,checked,-1092
Pahang,SE-10,GE-10,P.076,4,52391,0,1999-11-29,52389,checked,2
Pahang,SE-11,GE-11,P.080,3,44543,0,2004-03-21,44523,checked,20
Perak,SE-01,GE-01,P.039,2,21430,0,1959-05-20,21330,checked,100
Perak,SE-01,GE-01,P.041,2,22409,0,1959-05-20,22410,checked,-1
Perak,SE-01,GE-01,P.044,2,12984,0,1959-05-20,12991,checked,-7
Perak,SE-01,GE-01,P.046,2,17175,0,1959-05-20,17174,checked,1
Perak,SE-01,GE-01,P.048,2,24383,0,1959-05-20,24384,checked,-1
Perak,SE-01,GE-01,P.050,2,30457,0,1959-05-20,30473,checked,-16
Perak,SE-01,GE-01,P.051,2,33609,0,1959-05-20,33561,checked,48
Perak,SE-01,GE-01,P.054,2,26559,0,1959-05-20,26558,checked,1
Perak,SE-02,GE-02,P.055,2,20809,0,1964-04-25,20849,checked,-40
Perak,SE-04,GE-04,P.058,2,36436,0,1974-08-24,36441,checked,-5
Perak,SE-06,GE-06,P.047,2,36302,0,1982-04-22,36388,checked,-86
Perak,SE-06,GE-06,P.051,2,26631,0,1982-04-22,26613,checked,18
Perak,SE-07,GE-07,P.061,2,36501,0,1986-08-02,36681,checked,-180
Perak,SE-08,GE-08,P.050,2,33469,0,1990-10-20,33470,checked,-1
Perak,SE-09,GE-09,P.065,2,42307,0,1995-04-24,41857,checked,450
Perak,SE-10,GE-10,P.052,3,38085,0,1999-11-29,38637,checked,-552
Perak,SE-10,GE-10,P.053,2,36681,0,1999-11-29,35535,checked,1146
Perak,SE-10,GE-10,P.054,2,42572,0,1999-11-29,42372,checked,200
Perak,SE-10,GE-10,P.056,3,56570,0,1999-11-29,56370,checked,200
Perak,SE-10,GE-10,P.057,3,74137,0,1999-11-29,73637,checked,500
Perak,SE-10,GE-10,P.065,2,44206,0,1999-11-29,44197,checked,9
Perak,SE-10,GE-10,P.067,2,56591,0,1999-11-29,55542,checked,1049
Perak,SE-10,GE-10,P.069,2,41729,0,1999-11-29,40164,checked,1565
Perak,SE-10,GE-10,P.070,2,43288,0,1999-11-29,43228,checked,60
Perak,SE-10,GE-10,P.071,3,70237,0,1999-11-29,70659,checked,-422
Perlis,SE-06,GE-06,P.001,6,41983,0,1982-04-22,41938,checked,45
Pulau Pinang,SE-01,GE-01,P.034,4,25538,0,1959-05-20,25537,checked,1
Pulau Pinang,SE-01,GE-01,P.036,3,28078,0,1959-05-20,28086,checked,-8
Pulau Pinang,SE-07,GE-07,P.043,3,40198,0,1986-08-02,40216,checked,-18
Pulau Pinang,SE-09,GE-09,P.045,3,63264,0,1995-04-24,63255,checked,9
Pulau Pinang,SE-10,GE-10,P.041,3,36764,0,1999-11-29,36215,checked,549
Pulau Pinang,SE-10,GE-10,P.047,3,69612,0,1999-11-29,69610,checked,2
Pulau Pinang,SE-11,GE-11,P.050,3,59671,0,2004-03-21,59641,checked,30
Pulau Pinang,SE-11,GE-11,P.053,3,38610,0,2004-03-21,38611,checked,-1
Selangor,SE-01,GE-01,P.065,2,19066,0,1959-05-20,19026,checked,40
Selangor,SE-01,GE-01,P.066,2,20857,0,1959-05-20,20819,checked,38
Selangor,SE-01,GE-01,P.067,2,15139,0,1959-05-20,15152,checked,-13
Selangor,SE-01,GE-01,P.068,2,14374,0,1959-05-20,14378,checked,-4
Selangor,SE-01,GE-01,P.069,2,15949,0,1959-05-20,15890,checked,59
Selangor,SE-01,GE-01,P.070,2,22512,0,1959-05-20,22490,checked,22
Selangor,SE-01,GE-01,P.071,2,35537,0,1959-05-20,35549,checked,-12
Selangor,SE-01,GE-01,P.072,2,24994,0,1959-05-20,24984,checked,10
Selangor,SE-01,GE-01,P.073,2,19757,0,1959-05-20,19722,checked,35
Selangor,SE-01,GE-01,P.074,2,19677,0,1959-05-20,19670,checked,7
Selangor,SE-01,GE-01,P.075,2,17114,0,1959-05-20,17169,checked,-55
Selangor,SE-01,GE-01,P.076,2,13348,0,1959-05-20,13345,checked,3
Selangor,SE-01,GE-01,P.077,2,18907,0,1959-05-20,18892,checked,15
Selangor,SE-01,GE-01,P.078,2,13550,0,1959-05-20,14274,checked,-724
Selangor,SE-04,GE-04,P.075,3,26822,0,1974-08-24,26882,checked,-60
Selangor,SE-04,GE-04,P.082,3,22482,0,1974-08-24,22432,checked,50
Selangor,SE-06,GE-06,P.078,3,45003,0,1982-04-22,46033,checked,-1030
Selangor,SE-06,GE-06,P.081,3,114209,0,1982-04-22,114704,checked,-495
Selangor,SE-06,GE-06,P.082,3,36225,0,1982-04-22,36255,checked,-30
Selangor,SE-10,GE-10,P.091,3,74084,0,1999-11-29,73945,checked,139
Selangor,SE-10,GE-10,P.093,3,70949,0,1999-11-29,70819,checked,130
Terengganu,SE-01,GE-01,P.028,3,15757,0,1959-05-20,15759,checked,-2
Terengganu,SE-01,GE-01,P.029,4,17715,0,1959-05-20,17734,checked,-19
Terengganu,SE-01,GE-01,P.030,4,20764,0,1959-05-20,20765,checked,-1
Terengganu,SE-04,GE-04,P.030,4,22497,0,1974-08-24,22429,checked,68
Terengganu,SE-04,GE-04,P.031,4,25732,0,1974-08-24,25535,checked,197
Terengganu,SE-10,GE-10,P.033,4,44487,0,1999-11-29,44522,checked,-35
Terengganu,SE-10,GE-10,P.034,4,42259,0,1999-11-29,41898,checked,361
Terengganu,SE-10,GE-10,P.035,4,44532,0,1999-11-29,44555,checked,-23
Terengganu,SE-10,GE-10,P.036,4,64475,0,1999-11-29,64435,checked,40
Terengganu,SE-10,GE-10,P.038,4,39046,0,1999-11-29,39190,checked,-144
Terengganu,SE-10,GE-10,P.039,4,45043,0,1999-11-29,45296,checked,-253
