state,parlimen,dun,total,votertype_regular,votertype_early,votertype_postal,sex_male,sex_female,age_18_20,age_21_39,age_40_59,age_60_79,age_80_plus,ethnic_malay,ethnic_chinese,ethnic_indian,ethnic_bumi_sabah,ethnic_bumi_sarawak,ethnic_orang_asli,ethnic_other
Perlis,P.001 Padang Besar,N.01 Titi Tinggi,13403,13019,383,1,6944,6459,795,6135,3977,2245,251,10532,2431,257,21,19,1,142
Perlis,P.001 Padang Besar,N.02 Beseri,12128,11793,330,5,6120,6008,746,5882,3271,1978,251,10015,1800,90,17,24,0,182
Perlis,P.001 Padang Besar,N.03 Chuping,14248,14247,0,1,7049,7199,950,6308,4339,2372,279,11876,287,76,3,6,0,2000
Perlis,P.001 Padang Besar,N.04 Mata Ayer,9662,8182,1478,2,4934,4728,462,5008,2571,1417,204,8800,230,80,143,290,4,115
Perlis,P.001 Padang Besar,N.05 Santan,10751,10751,0,0,5159,5592,613,4485,3196,2110,347,10643,50,8,8,5,0,37
Perlis,P.002 Kangar,N.06 Bintong,16366,16365,0,1,7928,8438,1153,7438,4699,2725,351,15618,490,163,13,11,0,71
Perlis,P.002 Kangar,N.07 Sena,15870,15537,332,1,7935,7935,1006,7130,4563,2822,349,13387,1396,429,21,15,2,620
Perlis,P.002 Kangar,N.08 Indera Kayangan,14465,14463,0,2,7038,7427,784,6042,4132,3110,397,7817,5720,493,25,7,2,401
Perlis,P.002 Kangar,N.09 Kuala Perlis,14717,14690,26,1,7456,7261,959,6561,4524,2403,270,11468,3027,20,11,14,0,177
Perlis,P.002 Kangar,N.10 Kayang,13441,12782,658,1,6730,6711,780,6213,3998,2147,303,12882,272,46,44,19,0,178
Perlis,P.003 Arau,N.11 Pauh,14797,14424,373,0,7378,7419,942,6629,4461,2404,361,11512,2138,785,33,28,1,300
Perlis,P.003 Arau,N.12 Tambun Tulang,13451,13381,69,1,6561,6890,776,5714,4358,2280,323,11133,695,95,14,10,1,1503
Perlis,P.003 Arau,N.13 Guar Sanji,11510,11508,0,2,5546,5964,660,4821,3765,1994,270,11148,259,46,8,8,1,40
Perlis,P.003 Arau,N.14 Simpang Empat,10697,10679,17,1,5199,5498,664,4526,3388,1863,256,9686,919,35,11,4,0,42
Perlis,P.003 Arau,N.15 Sanglang,10421,10421,0,0,5046,5375,598,4004,3528,2012,279,9658,695,17,6,3,2,40
Kedah,P.004 Langkawi,N.01 Ayer Hangat,32521,32236,285,0,16348,16173,2560,15921,9925,3712,403,30894,407,845,106,48,2,219
Kedah,P.004 Langkawi,N.02 Kuah,34256,33411,841,4,17599,16657,2780,16597,10646,3847,386,28933,4079,732,130,72,3,307
Kedah,P.005 Jerlun,N.03 Kota Siputeh,29785,29767,18,0,14711,15074,1757,12431,9681,5193,723,27272,2041,35,14,11,0,412
Kedah,P.005 Jerlun,N.04 Ayer Hitam,37816,37797,17,2,18599,19217,2072,15267,12568,6987,922,34125,2490,32,28,15,0,1126
Kedah,P.006 Kubang Pasu,N.05 Bukit Kayu Hitam,45801,44613,1186,2,23032,22769,3157,20869,13776,7181,818,40900,3017,967,140,110,6,661
Kedah,P.006 Kubang Pasu,N.06 Jitra,62416,61020,1381,15,30776,31640,4868,30552,17032,8965,999,52320,6294,2663,60,57,3,1019
Kedah,P.007 Padang Terap,N.07 Kuala Nerang,31329,31143,185,1,15402,15927,2021,14486,9537,4692,593,30316,472,50,22,17,1,451
Kedah,P.007 Padang Terap,N.08 Pedu,28477,28455,21,1,13905,14572,1738,12757,9291,4105,586,24477,310,25,16,7,0,3642
Kedah,P.008 Pokok Sena,N.09 Bukit Lada,40563,40547,16,0,20091,20472,2599,18177,12648,6226,913,36504,2876,757,24,17,1,384
Kedah,P.008 Pokok Sena,N.10 Bukit Pinang,36667,35155,1509,3,18159,18508,2082,16413,11201,6121,850,34144,1955,344,52,44,2,126
Kedah,P.008 Pokok Sena,N.11 Derga,37608,36827,768,13,18619,18989,1876,16357,11279,7160,936,23037,12394,1716,34,38,5,384
Kedah,P.009 Alor Setar,N.12 Suka Menanti,41917,41907,0,10,20206,21711,2178,18402,12963,7459,915,30268,9718,1678,27,24,1,201
Kedah,P.009 Alor Setar,N.13 Kota Darul Aman,26102,25394,703,5,13195,12907,836,7838,8286,7816,1326,9284,14770,1774,37,20,1,216
Kedah,P.009 Alor Setar,N.14 Alor Mengkudu,37975,37971,0,4,18508,19467,2415,17329,11308,6191,732,27560,9040,1040,25,19,4,287
Kedah,P.010 Kuala Kedah,N.15 Anak Bukit,36325,36291,32,2,17574,18751,2118,15277,11627,6443,860,32224,3426,470,17,12,0,176
Kedah,P.010 Kuala Kedah,N.16 Kubang Rotan,50078,50050,22,6,24765,25313,3140,22383,15492,8118,945,35303,13922,487,19,25,0,322
Kedah,P.010 Kuala Kedah,N.17 Pengkalan Kundor,46097,46072,23,2,22717,23380,2773,20449,14251,7727,897,33221,12057,577,15,29,0,198
Kedah,P.011 Pendang,N.18 Tokai,45265,45114,149,2,21868,23397,2684,18875,14888,7724,1094,41459,3483,110,23,20,2,168
Kedah,P.011 Pendang,N.19 Sungai Tiang,49282,49257,24,1,24070,25212,3094,21534,15880,7631,1143,42221,942,355,14,10,2,5738
Kedah,P.012 Jerai,N.20 Sungai Limau,34312,34311,0,1,16645,17667,1834,13448,12169,5969,892,32276,1924,24,12,6,1,69
Kedah,P.012 Jerai,N.21 Guar Chempedak,29983,29825,153,5,14755,15228,1938,13203,9395,4790,657,26935,2741,205,24,13,1,64
Kedah,P.012 Jerai,N.22 Gurun,40706,40584,120,2,20281,20425,2922,17792,12744,6372,876,25503,8796,6021,33,31,4,318
Kedah,P.013 Sik,N.23 Belantek,28147,27987,160,0,13910,14237,1767,12435,9167,4165,613,26181,457,52,49,13,3,1392
Kedah,P.013 Sik,N.24 Jeneri,34979,34973,4,2,17245,17734,2176,15623,11265,5261,654,32237,448,38,12,15,2,2227
Kedah,P.014 Merbok,N.25 Bukit Selambau,78353,78042,298,13,38450,39903,6688,37567,22426,10802,870,48053,13651,15735,120,97,2,695
Kedah,P.014 Merbok,N.26 Tanjong Dawai,54091,49330,4758,3,27346,26745,3463,25833,16683,7259,853,43898,6323,3075,206,338,7,244
Kedah,P.015 Sungai Petani,N.27 Pantai Merdeka,51218,51186,29,3,25174,26044,3828,23819,15731,7042,798,46662,3098,1209,35,35,4,175
Kedah,P.015 Sungai Petani,N.28 Bakar Arang,57589,57464,114,11,28078,29511,3409,25799,17350,9911,1120,27398,21302,8437,47,30,5,370
Kedah,P.015 Sungai Petani,N.29 Sidam,60040,60035,0,5,29419,30621,5313,26544,18300,8807,1076,29584,18497,11229,76,51,2,601
Kedah,P.016 Baling,N.30 Bayu,47471,47226,243,2,23326,24145,2800,20824,15385,7377,1085,44122,1698,314,59,39,189,1050
Kedah,P.016 Baling,N.31 Kupang,42615,42587,25,3,20911,21704,2739,19166,13474,6423,813,39349,1428,1065,29,20,0,724
Kedah,P.016 Baling,N.32 Kuala Ketil,42013,41983,27,3,20549,21464,2747,19008,13395,5955,908,34601,2384,4659,34,16,3,316
Kedah,P.017 Padang Serai,N.33 Merbau Pulas,52601,52546,52,3,25595,27006,4944,23936,16261,6682,778,40335,3546,8349,51,55,1,264
Kedah,P.017 Padang Serai,N.34 Lunas,81266,81230,24,12,39989,41277,7109,38644,23950,10406,1157,43628,19739,17305,57,53,2,482
Kedah,P.018 Kulim-Bandar Baharu,N.35 Kulim,54003,52706,1290,7,26716,27287,3458,24432,16638,8437,1038,34231,10477,8918,80,50,5,242
Kedah,P.018 Kulim-Bandar Baharu,N.36 Bandar Baharu,36138,35939,197,2,17859,18279,2124,15213,11958,5947,896,28898,4806,2299,32,27,2,74
Kelantan,P.019 Tumpat,N.01 Pengkalan Kubor,36278,36158,119,1,18594,17684,2401,16187,11258,5407,1025,33579,323,33,15,11,0,2317
Kelantan,P.019 Tumpat,N.02 Kelaboran,38082,37845,237,0,19140,18942,2585,18046,11417,5357,677,35218,742,98,23,18,8,1975
Kelantan,P.019 Tumpat,N.03 Pasir Pekan,38876,38851,13,12,19162,19714,2863,19355,11170,4967,521,37733,932,43,15,9,0,144
Kelantan,P.019 Tumpat,N.04 Wakaf Bharu,36135,36094,39,2,17839,18296,2557,16565,11023,5319,671,31356,3433,32,12,11,5,1286
Kelantan,P.020 Pengkalan Chepa,N.05 Kijang,30265,30244,18,3,14940,15325,2220,14755,9239,3652,399,28841,765,20,16,9,1,613
Kelantan,P.020 Pengkalan Chepa,N.06 Chempaka,34385,32922,1457,6,17233,17152,2499,17724,9830,3938,394,33905,260,22,33,29,1,135
Kelantan,P.020 Pengkalan Chepa,N.07 Panchor,42332,41164,1155,13,20922,21410,3584,22610,11123,4613,402,40953,933,90,72,41,11,232
Kelantan,P.021 Kota Bharu,N.08 Tanjong Mas,45385,45373,0,12,22428,22957,2985,23942,12382,5605,471,40999,3493,191,28,22,2,650
Kelantan,P.021 Kota Bharu,N.09 Kota Lama,33114,32256,855,3,16424,16690,1179,10701,11557,8412,1265,21908,10261,499,37,28,1,380
Kelantan,P.021 Kota Bharu,N.10 Bunut Payong,36951,36939,0,12,18109,18842,2129,17100,11400,5687,635,34643,1910,171,16,15,0,196
Kelantan,P.022 Pasir Mas,N.11 Tendong,31645,31634,11,0,15633,16012,2173,14747,9545,4521,659,30960,505,8,14,5,3,150
Kelantan,P.022 Pasir Mas,N.12 Pengkalan Pasir,33033,32953,79,1,16279,16754,1985,14996,10251,5132,669,31480,1305,41,20,9,1,177
Kelantan,P.022 Pasir Mas,N.13 Meranti,29866,29831,32,3,14839,15027,2018,13918,8810,4326,794,29553,32,9,12,5,0,255
Kelantan,P.023 Rantau Panjang,N.14 Chetok,28976,28972,0,4,14141,14835,1892,13306,8791,4398,589,27545,1297,11,11,12,1,99
Kelantan,P.023 Rantau Panjang,N.15 Gual Periok,35814,35701,105,8,18495,17319,2530,16372,10851,5171,890,34732,420,32,23,11,2,594
Kelantan,P.023 Rantau Panjang,N.16 Apam Putra,28458,28161,294,3,14298,14160,2139,13583,8210,4009,517,27838,89,25,32,24,0,450
Kelantan,P.024 Kubang Kerian,N.17 Salor,36133,36132,0,1,17680,18453,2398,16978,11007,5104,646,35448,528,28,15,14,0,100
Kelantan,P.024 Kubang Kerian,N.18 Pasir Tumboh,37175,37155,15,5,18296,18879,3048,19291,9785,4603,448,36443,447,46,18,23,3,195
Kelantan,P.024 Kubang Kerian,N.19 Demit,40332,40242,83,7,19862,20470,3125,20788,11001,4945,473,38740,1273,99,21,15,0,184
Kelantan,P.025 Bachok,N.20 Tawang,43101,43090,9,2,21207,21894,3432,21469,12523,5168,509,42568,363,12,19,17,0,122
Kelantan,P.025 Bachok,N.21 Pantai Irama,40216,39977,234,5,19760,20456,2890,19573,12139,5131,483,39180,580,17,30,19,5,385
Kelantan,P.025 Bachok,N.22 Jelawat,39866,39858,7,1,19494,20372,2820,19395,11766,5318,567,39277,383,22,25,9,2,148
Kelantan,P.026 Ketereh,N.23 Melor,28285,28269,16,0,13987,14298,2013,13413,8573,3886,400,27497,440,19,12,21,1,295
Kelantan,P.026 Ketereh,N.24 Kadok,21636,21635,0,1,10554,11082,1584,10227,6563,2939,323,21185,309,6,8,14,0,114
Kelantan,P.026 Ketereh,N.25 Kok Lanas,35360,32316,3040,4,18156,17204,2328,18120,10355,4176,381,33713,873,44,193,379,8,150
Kelantan,P.027 Tanah Merah,N.26 Bukit Panau,49934,49680,250,4,24609,25325,3768,24238,14878,6455,595,45372,3781,78,38,29,3,633
Kelantan,P.027 Tanah Merah,N.27 Gual Ipoh,25687,25669,18,0,12663,13024,1610,11695,8268,3717,397,25033,169,364,14,12,0,95
Kelantan,P.027 Tanah Merah,N.28 Kemahang,23161,23148,12,1,11462,11699,1385,11609,6759,3202,206,22843,51,21,13,15,1,217
Kelantan,P.028 Pasir Puteh,N.29 Selising,28573,28565,6,2,14009,14564,2103,13656,8550,3812,452,28309,119,7,15,10,2,111
Kelantan,P.028 Pasir Puteh,N.30 Limbongan,35270,35051,216,3,17131,18139,2699,17263,10190,4627,491,34301,682,25,23,19,2,218
Kelantan,P.028 Pasir Puteh,N.31 Semerak,26580,26552,27,1,12945,13635,1870,12733,8196,3417,364,25907,114,9,14,11,0,525
Kelantan,P.028 Pasir Puteh,N.32 Gaal,22647,22633,13,1,10868,11779,1487,10555,6969,3248,388,22333,67,5,9,10,2,221
Kelantan,P.029 Machang,N.33 Pulai Chondong,28088,28076,10,2,13815,14273,1848,13129,8512,4150,449,27233,749,12,12,26,2,54
Kelantan,P.029 Machang,N.34 Temangan,25935,25930,3,2,12783,13152,1602,12130,7981,3732,490,24631,1117,75,12,15,1,84
Kelantan,P.029 Machang,N.35 Kemuning,34802,34543,255,4,17194,17608,2386,16720,10585,4657,454,33756,827,49,26,16,1,127
Kelantan,P.030 Jeli,N.36 Bukit Bunga,21748,20722,1026,0,11050,10698,1313,10231,6773,2992,439,21376,36,21,84,68,2,161
Kelantan,P.030 Jeli,N.37 Air Lanas,22382,22178,204,0,11211,11171,1657,10819,6917,2696,293,21655,51,13,32,20,470,141
Kelantan,P.030 Jeli,N.38 Kuala Balah,15668,15001,666,1,7937,7731,996,7656,4822,1998,196,15453,14,22,65,45,6,63
Kelantan,P.031 Kuala Krai,N.39 Mengkebang,26774,26774,0,0,13377,13397,1948,13446,7839,3181,360,25689,616,343,7,11,4,104
Kelantan,P.031 Kuala Krai,N.40 Guchil,27781,27539,242,0,13921,13860,1904,13006,8386,4040,445,23925,3064,578,24,21,4,165
Kelantan,P.031 Kuala Krai,N.41 Manek Urai,22546,22522,24,0,11230,11316,1569,11243,6720,2712,302,22299,55,57,13,6,1,115
Kelantan,P.031 Kuala Krai,N.42 Dabong,15234,15219,14,1,7758,7476,1110,7624,4363,1904,233,15027,13,34,12,12,3,133
Kelantan,P.032 Gua Musang,N.43 Nenggiri,19968,19956,12,0,10188,9780,1685,10735,5057,2322,169,17158,40,6,13,12,2648,91
Kelantan,P.032 Gua Musang,N.44 Paloh,21064,21050,14,0,10551,10513,1364,11750,4863,3011,76,20483,16,2,9,5,481,68
Kelantan,P.032 Gua Musang,N.45 Galas,29222,28987,231,4,15002,14220,2748,15435,7733,3002,304,17390,3969,307,48,40,7270,198
Terengganu,P.033 Besut,N.01 Kuala Besut,26745,25356,1387,2,13685,13060,1949,13735,7933,2878,250,26347,149,26,42,45,3,133
Terengganu,P.033 Besut,N.02 Kota Putera,32303,32015,288,0,16029,16274,2640,16758,8987,3587,331,31895,161,16,20,19,1,191
Terengganu,P.033 Besut,N.03 Jertih,28927,28864,60,3,14179,14748,2067,14323,8599,3583,355,27781,936,40,22,17,0,131
Terengganu,P.033 Besut,N.04 Hulu Besut,23675,23656,17,2,11767,11908,1650,11905,6920,2923,277,23377,188,10,17,4,19,60
Terengganu,P.034 Setiu,N.05 Jabi,24919,24919,0,0,12332,12587,1759,12524,7570,2768,298,24680,92,9,27,10,2,99
Terengganu,P.034 Setiu,N.06 Permaisuri,30464,30223,240,1,15156,15308,2286,16011,8737,3110,320,30190,121,9,27,22,1,94
Terengganu,P.034 Setiu,N.07 Langkap,22269,22251,18,0,11108,11161,1506,11064,6752,2637,310,22118,9,7,22,14,1,98
Terengganu,P.034 Setiu,N.08 Batu Rakit,29642,29583,58,1,14618,15024,2006,14859,8803,3635,339,29460,68,12,29,25,4,44
Terengganu,P.035 Kuala Nerus,N.09 Tepuh,30120,30113,4,3,14874,15246,2408,15773,8372,3243,324,29720,199,16,16,14,1,154
Terengganu,P.035 Kuala Nerus,N.10 Buluh Gading,27587,27587,0,0,13663,13924,1889,13650,8371,3319,358,27076,430,15,13,9,0,44
Terengganu,P.035 Kuala Nerus,N.11 Seberang Takir,27303,25706,1593,4,13913,13390,2132,14945,7181,2841,204,27018,62,31,69,47,4,72
Terengganu,P.035 Kuala Nerus,N.12 Bukit Tunggal,20942,20939,0,3,10557,10385,1342,10307,6487,2574,232,20416,402,29,17,7,1,70
Terengganu,P.036 Kuala Terengganu,N.13 Wakaf Mempelam,34303,34296,0,7,16887,17416,2111,16844,10540,4370,438,34014,152,33,11,11,1,81
Terengganu,P.036 Kuala Terengganu,N.14 Bandar,22215,22139,71,5,11078,11137,804,7846,7634,5219,712,14803,7001,261,15,11,0,124
Terengganu,P.036 Kuala Terengganu,N.15 Ladang,26268,24956,1304,8,13310,12958,1285,11744,8461,4267,511,23454,2343,249,58,38,4,122
Terengganu,P.036 Kuala Terengganu,N.16 Batu Buruk,40519,40487,28,4,20038,20481,2660,19882,12254,5264,459,39155,981,128,22,19,0,214
Terengganu,P.037 Marang,N.17 Alur Limbat,35638,35460,177,1,17767,17871,2620,18193,10118,4273,434,34492,956,30,25,28,2,105
Terengganu,P.037 Marang,N.18 Bukit Payung,28553,28531,18,4,14037,14516,2150,14362,8215,3500,326,28267,82,20,11,19,0,154
Terengganu,P.037 Marang,N.19 Ru Rendang,32587,32414,172,1,16318,16269,2368,16507,9513,3865,334,32265,124,31,22,11,1,133
Terengganu,P.037 Marang,N.20 Pengkalan Berangan,34978,34596,376,6,17408,17570,2430,17518,10518,4008,504,33515,1253,24,31,19,2,134
Terengganu,P.038 Hulu Terengganu,N.21 Telemung,21369,21362,6,1,10634,10735,1301,10752,6088,2851,377,20991,16,3,4,6,283,66
Terengganu,P.038 Hulu Terengganu,N.22 Manir,20531,20508,22,1,10165,10366,1276,10157,6256,2559,283,20416,59,6,9,7,0,34
Terengganu,P.038 Hulu Terengganu,N.23 Kuala Berang,21308,21115,192,1,10553,10755,1330,10320,6287,2983,388,21064,135,9,22,16,1,61
Terengganu,P.038 Hulu Terengganu,N.24 Ajil,24709,24696,12,1,12246,12463,1560,12289,7446,3102,312,24408,156,12,19,13,3,98
Terengganu,P.039 Dungun,N.25 Bukit Besi,18102,18055,46,1,9027,9075,1212,8888,5674,2078,250,17935,34,21,19,10,0,83
Terengganu,P.039 Dungun,N.26 Rantau Abang,32922,32463,457,2,16547,16375,2741,17268,9327,3355,231,32249,155,29,41,20,1,427
Terengganu,P.039 Dungun,N.27 Sura,30130,30091,35,4,14926,15204,1952,14027,9558,4146,447,28035,1821,109,20,16,2,127
Terengganu,P.039 Dungun,N.28 Paka,34405,34343,57,5,17334,17071,2794,17721,9913,3801,176,32449,1554,47,79,54,5,217
Terengganu,P.040 Kemaman,N.29 Kemasik,28315,28279,33,3,14388,13927,2145,14125,8455,3344,246,27223,783,87,23,38,7,154
Terengganu,P.040 Kemaman,N.30 Kijal,29046,29023,23,0,14666,14380,2292,14366,8987,3149,252,28121,472,54,29,40,5,325
Terengganu,P.040 Kemaman,N.31 Cukai,38776,38460,310,6,19672,19104,2883,17643,12232,5527,491,33656,4422,320,69,84,2,223
Terengganu,P.040 Kemaman,N.32 Air Putih,43286,43262,21,3,21781,21505,3574,22415,12182,4761,354,41072,1195,268,43,66,302,340
Pulau Pinang,P.041 Kepala Batas,N.01 Penaga,25229,25229,0,0,12296,12933,1857,10824,8604,3523,421,23453,1591,103,17,11,1,53
Pulau Pinang,P.041 Kepala Batas,N.02 Bertam,23881,23194,686,1,12023,11858,1438,10006,7966,3986,485,16447,5213,2077,35,24,2,83
Pulau Pinang,P.041 Kepala Batas,N.03 Pinang Tunggal,33971,33970,0,1,16705,17266,2932,15581,10312,4643,503,26766,5819,1241,26,23,1,95
Pulau Pinang,P.042 Tasek Gelugor,N.04 Permatang Berangan,28229,28189,38,2,13584,14645,2073,12775,8768,4116,497,24478,1771,1872,16,13,0,79
Pulau Pinang,P.042 Tasek Gelugor,N.05 Sungai Dua,27840,27787,52,1,13648,14192,1957,12148,9150,4156,429,22582,4465,665,49,17,0,62
Pulau Pinang,P.042 Tasek Gelugor,N.06 Telok Ayer Tawar,24799,22279,2517,3,12726,12073,1255,11391,7884,3831,438,16064,5909,2516,83,105,3,119
Pulau Pinang,P.043 Bagan,N.07 Sungai Puyu,35765,35764,0,1,17774,17991,1908,13125,12954,6975,803,3007,29724,2901,43,9,0,81
Pulau Pinang,P.043 Bagan,N.08 Bagan Jermal,32403,32400,0,3,15819,16584,1571,11187,11555,7207,883,5174,21602,5422,40,26,0,139
Pulau Pinang,P.043 Bagan,N.09 Bagan Dalam,21279,21100,179,0,10522,10757,824,6648,7421,5611,775,4902,10585,5639,37,9,0,107
Pulau Pinang,P.044 Permatang Pauh,N.10 Seberang Jaya,48832,48101,726,5,23975,24857,3287,21212,15863,7926,544,33469,8913,5911,124,74,7,334
Pulau Pinang,P.044 Permatang Pauh,N.11 Permatang Pasir,30380,30377,0,3,15053,15327,1712,11675,10853,5555,585,22901,6707,648,30,12,0,82
Pulau Pinang,P.044 Permatang Pauh,N.12 Penanti,27974,27934,36,4,13662,14312,1747,12180,9007,4527,513,22321,4971,463,25,18,1,175
Pulau Pinang,P.045 Bukit Mertajam,N.13 Berapit,29059,29044,12,3,14147,14912,1224,9541,10122,7213,959,1470,24289,3125,29,14,0,132
Pulau Pinang,P.045 Bukit Mertajam,N.14 Machang Bubuk,55803,55768,30,5,27382,28421,4240,25900,17387,7488,788,19623,28696,7099,92,45,0,248
Pulau Pinang,P.045 Bukit Mertajam,N.15 Padang Lalang,35957,35954,0,3,17584,18373,1701,12965,12274,8020,997,4648,28202,2938,32,6,1,130
Pulau Pinang,P.046 Batu Kawan,N.16 Perai,20567,20522,45,0,9912,10655,860,6925,7184,4973,625,2726,10257,7330,35,12,1,206
Pulau Pinang,P.046 Batu Kawan,N.17 Bukit Tengah,31213,31186,27,0,15313,15900,2204,13157,10516,4824,512,11257,14384,5232,92,37,0,211
Pulau Pinang,P.046 Batu Kawan,N.18 Bukit Tambun,37032,36906,126,0,18318,18714,2595,15760,12395,5589,693,6554,23159,7140,61,15,1,102
Pulau Pinang,P.047 Nibong Tebal,N.19 Jawi,36350,35855,492,3,17903,18447,2197,15210,12399,5801,743,7750,19116,9290,49,35,3,107
Pulau Pinang,P.047 Nibong Tebal,N.20 Sungai Bakap,37781,37730,51,0,18217,19564,3101,17111,12198,4915,456,22428,8514,6572,60,22,0,185
Pulau Pinang,P.047 Nibong Tebal,N.21 Sungai Acheh,25931,25926,0,5,12574,13357,1683,11250,8484,4095,419,16538,7191,1967,24,12,5,194
Pulau Pinang,P.048 Bukit Bendera,N.22 Tanjong Bunga,29289,29031,252,6,14049,15240,1394,9968,9982,6812,1133,7587,17414,3539,67,54,3,625
Pulau Pinang,P.048 Bukit Bendera,N.23 Air Putih,15379,15027,349,3,7474,7905,485,4330,5416,4311,837,1519,12308,1440,30,11,0,71
Pulau Pinang,P.048 Bukit Bendera,N.24 Kebun Bunga,24528,24527,0,1,11466,13062,695,6172,8960,7239,1462,1759,18390,4151,12,13,0,203
Pulau Pinang,P.048 Bukit Bendera,N.25 Pulau Tikus,23325,22864,454,7,10723,12602,753,6876,7529,6502,1665,3198,17550,2005,100,72,4,396
Pulau Pinang,P.049 Tanjong,N.26 Padang Kota,15373,15267,106,0,7909,7464,299,2667,4885,5723,1799,1234,11153,2847,13,11,0,115
Pulau Pinang,P.049 Tanjong,N.27 Pengkalan Kota,21743,21743,0,0,10621,11122,474,5345,7966,7103,855,447,19419,1784,11,8,0,74
Pulau Pinang,P.049 Tanjong,N.28 Komtar,15687,14888,797,2,8167,7520,253,3067,5147,5930,1290,1917,12197,1392,48,41,0,92
Pulau Pinang,P.050 Jelutong,N.29 Datok Keramat,26886,26037,847,2,13173,13713,969,8589,9420,6838,1070,7259,14905,4446,78,36,1,161
Pulau Pinang,P.050 Jelutong,N.30 Sungai Pinang,33995,33992,0,3,16454,17541,1709,12689,11260,7540,797,10430,16396,6850,51,20,1,247
Pulau Pinang,P.050 Jelutong,N.31 Batu Lancang,33108,33025,79,4,15534,17574,1231,10492,11821,8201,1363,2193,27917,2745,30,25,1,197
Pulau Pinang,P.051 Bukit Gelugor,N.32 Seri Delima,31562,31482,67,13,14872,16690,1414,9989,10978,7596,1585,6989,20374,3904,16,16,0,263
Pulau Pinang,P.051 Bukit Gelugor,N.33 Air Itam,23098,23017,78,3,11004,12094,914,7276,7869,6037,1002,5371,14982,2563,21,20,0,141
Pulau Pinang,P.051 Bukit Gelugor,N.34 Paya Terubong,62474,62463,0,11,30096,32378,3247,25116,22106,10822,1183,4847,48453,8647,117,71,1,338
Pulau Pinang,P.052 Bayan Baru,N.35 Batu Uban,43132,42818,301,13,20743,22389,2345,17156,14660,8043,928,10973,25318,6334,117,50,1,339
Pulau Pinang,P.052 Bayan Baru,N.36 Pantai Jerejak,29730,29641,79,10,14329,15401,1375,10984,9958,6765,648,10632,15045,3701,68,28,0,256
Pulau Pinang,P.052 Bayan Baru,N.37 Batu Maung,46778,44916,1854,8,23035,23743,2847,20281,15699,7279,672,24829,16910,4444,172,145,2,276
Pulau Pinang,P.053 Balik Pulau,N.38 Bayan Lepas,38866,38716,144,6,19336,19530,2981,17269,12353,5706,557,24572,11720,2200,84,52,2,236
Pulau Pinang,P.053 Balik Pulau,N.39 Pulau Betong,23578,22956,621,1,11879,11699,1346,9986,7763,3938,545,15631,6705,1006,82,59,1,94
Pulau Pinang,P.053 Balik Pulau,N.40 Telok Bahang,17820,17799,20,1,8799,9021,985,6864,6337,3259,375,12142,4914,648,23,13,3,77
Perak,P.054 Gerik,N.01 Pengkalan Hulu,20157,18494,1662,1,10586,9571,1258,9880,5879,2775,365,14538,1706,979,118,114,1300,1402
Perak,P.054 Gerik,N.02 Temengor,27408,26260,1146,2,14381,13027,2050,13663,7635,3608,452,17317,4627,445,132,137,4627,123
Perak,P.055 Lenggong,N.03 Kenering,21596,21583,12,1,10849,10747,1274,10313,6345,3286,378,18047,2075,139,18,14,1206,97
Perak,P.055 Lenggong,N.04 Kota Tampan,15354,15315,39,0,7444,7910,714,6100,4912,3081,547,12724,2195,365,28,11,7,24
Perak,P.056 Larut,N.05 Selama,22339,22148,190,1,10991,11348,1395,10153,6720,3533,538,19333,1613,1306,25,13,1,48
Perak,P.056 Larut,N.06 Kubu Gajah,21358,21343,12,3,10513,10845,1181,9544,6615,3479,539,20249,340,653,16,10,3,87
Perak,P.056 Larut,N.07 Batu Kurau,22022,21999,22,1,10774,11248,1337,9575,7004,3647,459,19597,557,1719,18,10,4,117
Perak,P.057 Parit Buntar,N.08 Titi Serong,35900,35859,38,3,17714,18186,2180,15432,12000,5609,679,26377,6179,3012,31,10,0,291
Perak,P.057 Parit Buntar,N.09 Kuala Kurau,32602,32542,58,2,16571,16031,1622,12174,11870,6092,844,20672,11408,443,17,15,1,46
Perak,P.058 Bagan Serai,N.10 Alor Pongsu,28656,28636,18,2,14187,14469,1910,12451,9258,4471,566,21761,2907,3899,16,12,2,59
Perak,P.058 Bagan Serai,N.11 Gunong Semanggol,27396,27103,292,1,13738,13658,1707,11635,8922,4434,698,23788,2376,1084,25,21,4,98
Perak,P.058 Bagan Serai,N.12 Selinsing,24241,24223,18,0,11985,12256,1433,10529,8187,3620,472,17513,4516,2144,7,11,0,50
Perak,P.059 Bukit Gantang,N.13 Kuala Sepetang,40222,40201,20,1,19987,20235,2419,17721,12546,6857,679,27322,9395,3314,49,39,2,101
Perak,P.059 Bukit Gantang,N.14 Changkat Jering,37003,36975,21,7,18018,18985,2093,17157,11220,5921,612,26827,6235,3671,35,26,3,206
Perak,P.059 Bukit Gantang,N.15 Trong,17028,16991,37,0,8567,8461,871,7134,5532,2992,499,13216,2221,1506,16,16,5,48
Perak,P.060 Taiping,N.16 Kamunting,39850,36730,3114,6,19587,20263,2024,18648,11623,6754,801,26736,7026,5324,186,259,22,297
Perak,P.060 Taiping,N.17 Pokok Assam,36513,35187,1317,9,17957,18556,1402,13061,10931,9372,1747,8758,22903,4111,131,339,13,258
Perak,P.060 Taiping,N.18 Aulong,45203,45155,45,3,22154,23049,2313,18438,13670,9291,1491,13051,23678,8169,40,28,0,237
Perak,P.061 Padang Rengas,N.19 Chenderoh,17782,17758,23,1,8765,9017,850,7237,5790,3307,598,14475,2317,882,17,13,1,77
Perak,P.061 Padang Rengas,N.20 Lubok Merbau,20904,20884,18,2,10392,10512,1125,8740,6493,3893,653,15767,3321,1699,16,12,0,89
Perak,P.062 Sungai Siput,N.21 Lintang,33107,33064,42,1,16461,16646,2091,13896,10562,5703,855,18193,5250,4141,19,15,5411,78
Perak,P.062 Sungai Siput,N.22 Jalong,39288,39037,250,1,19712,19576,1960,15012,13763,7363,1190,6631,19589,11165,38,31,1701,133
Perak,P.063 Tambun,N.23 Manjoi,86266,86205,49,12,42108,44158,6222,39035,26313,13471,1225,61037,14304,10085,93,95,18,634
Perak,P.063 Tambun,N.24 Hulu Kinta,74292,69597,4685,10,37429,36863,4860,34793,22505,10925,1209,42812,18598,9876,364,551,1565,526
Perak,P.064 Ipoh Timor,N.25 Canning,41021,40092,909,20,19723,21298,1162,11533,14226,11281,2819,3944,32406,4086,76,89,20,400
Perak,P.064 Ipoh Timor,N.26 Tebing Tinggi,37223,35658,1559,6,19123,18100,2137,16264,11123,6680,1019,21515,11717,3521,105,72,17,276
Perak,P.064 Ipoh Timor,N.27 Pasir Pinji,39934,39841,82,11,19202,20732,1119,10119,13667,12339,2690,2307,36157,1278,14,4,2,172
Perak,P.065 Ipoh Barat,N.28 Bercham,52750,52637,106,7,26026,26724,2663,21655,17839,9352,1241,8044,36805,7574,43,45,26,213
Perak,P.065 Ipoh Barat,N.29 Kepayang,25190,24484,704,2,12323,12867,723,6816,7744,7877,2030,5387,15263,4215,43,49,16,217
Perak,P.065 Ipoh Barat,N.30 Buntong,36714,36661,48,5,17815,18899,1536,11630,12510,9351,1687,2117,15198,19134,14,21,7,223
Perak,P.066 Batu Gajah,N.31 Jelapang,35088,35029,55,4,17370,17718,1804,13057,12653,6585,989,1857,23390,9627,23,11,12,168
Perak,P.066 Batu Gajah,N.32 Menglembu,38689,38604,83,2,19562,19127,1627,12562,13963,9205,1332,2371,31556,4530,26,17,26,163
Perak,P.066 Batu Gajah,N.33 Tronoh,38119,37675,443,1,19617,18502,2165,14213,12735,7613,1393,10354,21727,5719,45,43,74,157
Perak,P.067 Kuala Kangsar,N.34 Bukit Chandan,22194,21876,314,4,10933,11261,1197,9062,6977,4163,795,15358,4730,1388,30,20,554,114
Perak,P.067 Kuala Kangsar,N.35 Manong,24791,24771,18,2,12258,12533,1315,10451,7820,4435,770,17844,5019,1661,18,12,7,230
Perak,P.068 Beruas,N.36 Pengkalan Baharu,22573,22558,14,1,11290,11283,1130,8925,7366,4445,707,15696,4435,2326,20,25,0,71
Perak,P.068 Beruas,N.37 Pantai Remis,44432,44338,90,4,22476,21956,2454,17756,14729,8398,1095,7742,27875,8586,29,17,5,178
Perak,P.068 Beruas,N.38 Astaka,41244,41163,74,7,20697,20547,2363,16145,13383,7963,1390,6061,28932,5611,242,174,9,215
Perak,P.069 Parit,N.39 Belanja,17767,17740,26,1,8750,9017,711,6410,6378,3601,667,15248,852,1059,11,10,450,137
Perak,P.069 Parit,N.40 Bota,30148,29699,449,0,15020,15128,2171,14548,8741,4092,596,29027,78,140,47,51,618,187
Perak,P.070 Kampar,N.41 Malim Nawar,29701,29635,66,0,15463,14238,1327,9615,10411,7046,1302,7217,19370,2899,28,21,40,126
Perak,P.070 Kampar,N.42 Keranji,28248,27957,286,5,14290,13958,1156,9594,9517,6618,1363,4311,19888,3320,30,31,493,175
Perak,P.070 Kampar,N.43 Tualang Sekah,31945,31919,26,0,15779,16166,1543,12287,10857,6308,950,19832,7688,2907,37,31,1329,121
Perak,P.071 Gopeng,N.44 Sungai Rapat,47931,46841,1082,8,23489,24442,3317,22081,14687,7076,770,29244,12551,5502,135,81,46,372
Perak,P.071 Gopeng,N.45 Simpang Pulai,62756,62682,58,16,30798,31958,3612,26777,19774,11109,1484,19711,37695,4829,69,53,102,297
Perak,P.071 Gopeng,N.46 Teja,32970,32931,36,3,16553,16417,2057,13042,10955,5948,968,12615,13806,3426,51,41,2934,97
Perak,P.072 Tapah,N.47 Chenderiang,30006,29021,981,4,15187,14819,1607,13003,9058,5342,996,10440,7875,3978,56,69,7381,207
Perak,P.072 Tapah,N.48 Ayer Kuning,31940,31277,663,0,15956,15984,1632,13388,10209,5809,902,17812,6971,4548,40,24,2175,370
Perak,P.073 Pasir Salak,N.49 Sungai Manik,35520,35469,47,4,17933,17587,2060,15214,11448,5909,889,23621,8868,1734,30,17,1139,111
Perak,P.073 Pasir Salak,N.50 Kampong Gajah,39241,39207,34,0,19348,19893,2456,18226,12204,5575,780,36971,207,683,19,24,1219,118
Perak,P.074 Lumut,N.51 Pasir Panjang,62418,61892,516,10,31213,31205,4806,29964,18054,8877,717,46936,5603,8715,612,141,7,404
Perak,P.074 Lumut,N.52 Pangkor,30554,22148,8403,3,17631,12923,1344,15637,9344,3764,465,20681,6992,1712,471,518,27,153
Perak,P.075 Bagan Datuk,N.53 Rungkup,19670,19638,30,2,10033,9637,805,7853,6282,4053,677,13208,4723,1531,41,8,1,158
Perak,P.075 Bagan Datuk,N.54 Hutan Melintang,38513,38424,88,1,19305,19208,2009,17491,11770,6436,807,19514,7267,11123,124,28,3,454
Perak,P.076 Teluk Intan,N.55 Pasir Bedamar,39117,39110,0,7,19135,19982,1437,13602,12646,9749,1683,6551,26737,5610,11,16,2,190
Perak,P.076 Teluk Intan,N.56 Changkat Jong,48105,47709,390,6,23563,24542,2910,22607,13947,7673,968,30109,6632,10633,34,31,218,448
Perak,P.077 Tanjong Malim,N.57 Sungkai,23375,23318,56,1,11759,11616,1189,9142,7368,4863,813,4906,12558,4150,14,19,1592,136
Perak,P.077 Tanjong Malim,N.58 Slim,30581,30285,296,0,15265,15316,1458,13307,9527,5753,536,22794,3052,3934,42,25,624,110
Perak,P.077 Tanjong Malim,N.59 Behrang,39917,39784,131,2,20061,19856,2507,17923,11991,6487,1009,24080,6326,4047,76,55,4666,667
Pahang,P.078 Cameron Highlands,N.01 Tanah Rata,26838,26493,340,5,13602,13236,1536,11422,8254,4930,696,4073,12314,5277,103,47,4848,176
Pahang,P.078 Cameron Highlands,N.02 Jelai,19182,19168,13,1,9666,9516,1762,9385,5610,2034,391,9955,78,156,33,9,8851,100
Pahang,P.079 Lipis,N.03 Padang Tengku,19407,19384,23,0,9777,9630,1273,9557,5560,2731,286,17792,552,567,15,8,315,158
Pahang,P.079 Lipis,N.04 Cheka,16822,15962,859,1,8703,8119,1008,7756,4840,2651,567,12211,3384,825,30,21,236,115
Pahang,P.079 Lipis,N.05 Benta,10895,10875,19,1,5497,5398,554,4254,3499,2206,382,6933,2920,947,12,9,10,64
Pahang,P.080 Raub,N.06 Batu Talam,19683,19664,19,0,9802,9881,1078,9314,5582,3319,390,14951,1602,821,19,8,2194,88
Pahang,P.080 Raub,N.07 Tras,38329,37987,340,2,19625,18704,2026,15179,12233,7677,1214,10647,23293,3409,26,26,620,308
Pahang,P.080 Raub,N.08 Dong,17052,17030,18,4,8615,8437,850,7320,5567,2895,420,13485,2391,438,8,13,577,140
Pahang,P.081 Jerantut,N.09 Tahan,20895,20836,58,1,10407,10488,1485,9542,6777,2749,342,19374,145,146,25,13,1031,161
Pahang,P.081 Jerantut,N.10 Damak,34967,34667,295,5,17854,17113,2337,16195,10432,5286,717,21508,10007,1788,42,34,1205,383
Pahang,P.081 Jerantut,N.11 Pulau Tawar,31189,31187,2,0,15430,15759,1714,14339,10008,4722,406,30656,27,194,13,17,161,121
Pahang,P.082 Indera Mahkota,N.12 Beserah,59370,58456,906,8,29809,29561,5201,28958,17309,7226,676,44309,12233,1601,398,197,32,600
Pahang,P.082 Indera Mahkota,N.13 Semambu,61179,60075,1096,8,30493,30686,5024,30341,17378,7878,558,37357,18018,5040,103,121,84,456
Pahang,P.083 Kuantan,N.14 Teruntum,30854,29284,1560,10,15950,14904,1168,10719,10109,7708,1150,11724,16937,1816,84,63,24,206
Pahang,P.083 Kuantan,N.15 Tanjung Lumpur,38185,38182,0,3,18889,19296,2954,18883,10734,5142,472,31935,4937,787,45,45,84,352
Pahang,P.083 Kuantan,N.16 Inderapura,18558,18558,0,0,9333,9225,1577,8514,5910,2327,230,17192,800,181,19,10,94,262
Pahang,P.084 Paya Besar,N.17 Sungai Lembing,19130,19110,19,1,9460,9670,1168,8101,6366,3037,458,16588,1815,56,11,16,535,109
Pahang,P.084 Paya Besar,N.18 Lepar,25728,25658,69,1,12775,12953,1852,13074,6590,3974,238,20773,3367,598,26,29,690,245
Pahang,P.084 Paya Besar,N.19 Panching,34886,34868,10,8,17394,17492,2769,16757,10643,4340,377,29731,3416,859,50,54,76,700
Pahang,P.085 Pekan,N.20 Pulau Manis,30113,23587,6524,2,16244,13869,2195,16748,8453,2463,254,27219,654,207,361,548,563,561
Pahang,P.085 Pekan,N.21 Peramu Jaya,41915,41381,527,7,20861,21054,2991,19634,13174,5530,586,37931,1159,404,63,44,996,1318
Pahang,P.085 Pekan,N.22 Bebar,21294,21288,3,3,10647,10647,1849,10379,6413,2321,332,13209,165,174,25,24,6964,733
Pahang,P.085 Pekan,N.23 Chini,26121,26109,12,0,12884,13237,1373,14092,6537,3937,182,22938,74,24,24,24,2900,137
Pahang,P.086 Maran,N.24 Luit,16279,16087,192,0,8273,8006,1067,7414,5204,2283,311,13195,1976,240,20,19,563,266
Pahang,P.086 Maran,N.25 Kuala Sentul,17434,17423,9,2,8677,8757,1083,7193,6312,2438,408,15615,979,331,13,6,388,102
Pahang,P.086 Maran,N.26 Chenor,19415,19394,21,0,9570,9845,1137,8319,6681,2763,515,18641,91,154,19,12,317,181
Pahang,P.087 Kuala Krau,N.27 Jenderak,13994,13984,9,1,6976,7018,944,6263,4645,1886,256,9440,896,506,21,14,2993,124
Pahang,P.087 Kuala Krau,N.28 Kerdau,15184,15173,11,0,7485,7699,842,6910,4712,2408,312,13359,550,379,11,5,729,151
Pahang,P.087 Kuala Krau,N.29 Jengka,31359,31335,23,1,15473,15886,1856,14475,9789,4979,260,30806,47,346,31,14,5,110
Pahang,P.088 Temerloh,N.30 Mentakab,37269,37209,57,3,18470,18799,2577,17646,10588,5834,624,17521,14543,4244,72,49,17,823
Pahang,P.088 Temerloh,N.31 Lanchang,32774,31617,1154,3,16435,16339,1999,15822,9893,4517,543,24362,2753,3609,191,396,902,561
Pahang,P.088 Temerloh,N.32 Kuala Semantan,36786,35445,1335,6,18698,18088,2600,17845,10748,4896,697,29041,4928,792,135,136,603,1151
Pahang,P.089 Bentong,N.33 Bilut,24286,23544,737,5,12645,11641,1240,9862,7835,4589,760,9173,12367,2312,32,36,209,157
Pahang,P.089 Bentong,N.34 Ketari,30758,30331,426,1,15682,15076,1682,13059,9949,5445,623,15963,12022,1448,91,95,872,267
Pahang,P.089 Bentong,N.35 Sabai,15643,15626,14,3,7847,7796,912,6257,5268,2784,422,6361,5263,3143,21,14,742,99
Pahang,P.089 Bentong,N.36 Pelangai,16371,16339,28,4,8207,8164,848,6880,5377,2907,359,11792,2962,953,8,14,552,90
Pahang,P.090 Bera,N.37 Guai,24412,24397,14,1,12208,12204,1343,10579,8157,3901,432,21009,1683,486,32,26,1070,106
Pahang,P.090 Bera,N.38 Triang,25891,25649,239,3,13316,12575,1542,10443,8918,4377,611,8054,16161,1245,26,23,177,205
Pahang,P.090 Bera,N.39 Kemayan,27366,23814,3547,5,14292,13074,1564,14959,6976,3646,221,19414,3248,1091,230,256,2872,255
Pahang,P.091 Rompin,N.40 Bukit Ibam,31003,30674,329,0,15193,15810,1889,15535,8756,4635,188,26505,96,300,76,23,3567,436
Pahang,P.091 Rompin,N.41 Muadzam Shah,29663,29620,43,0,14839,14824,1855,16140,7119,4413,136,23481,189,349,19,36,5135,454
Pahang,P.091 Rompin,N.42 Tioman,28465,28200,262,3,14394,14071,2055,14256,8225,3557,372,23843,1885,126,60,34,2254,263
Selangor,P.092 Sabak Bernam,N.01 Sungai Air Tawar,19961,19943,18,0,9895,10066,1166,8530,6386,3369,510,16836,2432,544,13,16,1,119
Selangor,P.092 Sabak Bernam,N.02 Sabak,31648,31608,39,1,15486,16162,1937,14301,9730,5034,646,25173,4256,1973,40,31,3,172
Selangor,P.093 Sungai Besar,N.03 Sungai Panjang,40465,40164,300,1,20241,20224,2674,19569,12120,5459,643,32882,6503,639,59,30,5,347
Selangor,P.093 Sungai Besar,N.04 Sekinchan,23917,23890,25,2,12279,11638,1154,10297,8195,3777,494,10501,12351,700,75,26,3,261
Selangor,P.094 Hulu Selangor,N.05 Hulu Bernam,30189,30147,40,2,14844,15345,1779,12623,9906,5091,790,21146,4472,3945,42,33,211,340
Selangor,P.094 Hulu Selangor,N.06 Kuala Kubu Baharu,39808,38930,877,1,19988,19820,2387,17473,12704,6405,839,18455,12201,7172,119,152,1186,523
Selangor,P.094 Hulu Selangor,N.07 Batang Kali,84320,83883,427,10,41750,42570,8230,41315,24964,9035,776,58120,10791,11891,365,230,1470,1453
Selangor,P.095 Tanjong Karang,N.08 Sungai Burong,31570,31540,27,3,15917,15653,1978,14325,10274,4437,556,26252,4062,802,45,23,0,386
Selangor,P.095 Tanjong Karang,N.09 Permatang,30624,30622,0,2,15286,15338,1862,13319,9835,4993,615,19361,6587,4229,21,13,4,409
Selangor,P.096 Kuala Selangor,N.10 Bukit Melawati,37649,37288,358,3,18744,18905,2612,17683,11439,5333,582,22708,5806,8249,73,38,6,769
Selangor,P.096 Kuala Selangor,N.11 Ijok,30344,30324,19,1,14946,15398,1973,13412,9998,4458,503,18690,4000,7347,44,19,2,242
Selangor,P.096 Kuala Selangor,N.12 Jeram,34958,34941,14,3,17227,17731,3637,16721,10562,3684,354,27948,2351,4094,113,70,6,376
Selangor,P.097 Selayang,N.13 Kuang,44424,44390,33,1,21849,22575,4580,21779,12907,4771,387,34114,4397,3716,173,133,357,1534
Selangor,P.097 Selayang,N.14 Rawang,75145,75030,105,10,37461,37684,6315,34575,23223,9912,1120,23907,29076,19310,387,240,25,2200
Selangor,P.097 Selayang,N.15 Taman Templer,61970,61461,506,3,30676,31294,4243,28014,19773,9260,680,36591,13680,9035,261,151,75,2177
Selangor,P.098 Gombak,N.16 Sungai Tua,48640,48457,179,4,24167,24473,3220,20789,16473,7580,578,27845,6050,11279,156,85,59,3166
Selangor,P.098 Gombak,N.17 Gombak Setia,86963,86813,117,33,43209,43754,6419,42076,25369,12318,781,58464,10224,8140,207,194,907,8827
Selangor,P.098 Gombak,N.18 Hulu Kelang,71141,70962,138,41,35220,35921,4100,29713,23051,13118,1159,58234,6153,2853,196,124,78,3503
Selangor,P.099 Ampang,N.19 Bukit Antarabangsa,68503,68170,305,28,33663,34840,4397,27241,22741,12561,1563,32240,27792,4948,347,239,6,2931
Selangor,P.099 Ampang,N.20 Lembah Jaya,64991,64978,0,13,32131,32860,4064,29397,20677,10155,698,36904,14898,7868,266,159,11,4885
Selangor,P.100 Pandan,N.21 Pandan Indah,70260,69664,574,22,35021,35239,3792,30732,23575,11357,804,38674,21714,5299,656,255,9,3653
Selangor,P.100 Pandan,N.22 Teratai,78470,78456,0,14,38300,40170,4508,32896,27638,12469,959,20894,48355,6403,509,245,19,2045
Selangor,P.101 Hulu Langat,N.23 Dusun Tua,73049,70785,2251,13,36960,36089,4984,33866,22252,10914,1033,41764,20775,5457,381,256,897,3519
Selangor,P.101 Hulu Langat,N.24 Semenyih,93853,93015,815,23,46537,47316,9906,45185,27637,10248,877,64771,13885,12080,458,320,596,1743
Selangor,P.102 Bangi,N.25 Kajang,107100,106255,817,28,53049,54051,8552,50566,32925,13894,1163,41786,46522,15367,622,363,17,2423
Selangor,P.102 Bangi,N.26 Sungai Ramal,94255,93766,447,42,46818,47437,9437,47125,27164,10110,419,72040,8908,8653,655,491,10,3498
Selangor,P.102 Bangi,N.27 Balakong,102075,102029,25,21,50181,51894,8151,46214,32066,14373,1271,34055,56300,9382,635,377,18,1308
Selangor,P.103 Puchong,N.28 Seri Kembangan,61996,61872,115,9,31023,30973,3263,24266,22032,11235,1200,6908,48736,5462,309,161,6,414
Selangor,P.103 Puchong,N.29 Seri Serdang,90865,90554,296,15,45501,45364,8502,40861,30876,9918,708,50137,26776,11145,769,375,269,1394
Selangor,P.104 Subang,N.30 Kinrara,120415,119557,826,32,60016,60399,9999,51015,42943,15210,1248,30350,64003,23227,781,573,29,1452
Selangor,P.104 Subang,N.31 Subang Jaya,110525,109580,878,67,54121,56404,5262,44841,35712,23056,1654,30213,61041,15293,1169,556,6,2247
Selangor,P.105 Petaling Jaya,N.32 Seri Setia,79246,75632,3596,18,39717,39529,4867,34399,26957,11966,1057,41238,16337,18542,896,433,17,1783
Selangor,P.105 Petaling Jaya,N.33 Taman Medan,61585,61578,0,7,30352,31233,3677,25524,21283,10144,957,40057,7411,12225,229,120,2,1541
Selangor,P.105 Petaling Jaya,N.34 Bukit Gasing,54317,53591,714,12,26228,28089,1554,12991,18450,17334,3988,9195,33730,9336,193,140,13,1710
Selangor,P.106 Damansara,N.35 Kampung Tunku,58510,58240,255,15,27849,30661,1660,13383,20748,18792,3927,8760,42424,5883,181,102,1,1159
Selangor,P.106 Damansara,N.36 Bandar Utama,72269,72055,197,17,35322,36947,3227,25159,24886,17151,1846,10840,52479,6152,238,141,6,2413
Selangor,P.106 Damansara,N.37 Bukit Lanjan,108324,108262,37,25,53190,55134,8387,48429,36788,13512,1208,29939,63089,11644,778,394,593,1887
Selangor,P.107 Sungai Buloh,N.38 Paya Jaras,70729,70120,595,14,35458,35271,6846,35525,20439,7411,508,46847,10991,6436,302,215,91,5847
Selangor,P.107 Sungai Buloh,N.39 Kota Damansara,87361,85539,1793,29,43743,43618,8396,40626,28291,9329,719,52812,21563,9640,977,547,15,1807
Selangor,P.108 Shah Alam,N.40 Kota Anggerik,90996,89186,1758,52,45664,45332,8828,43479,26398,11493,798,65722,15738,7689,509,383,139,816
Selangor,P.108 Shah Alam,N.41 Batu Tiga,74748,74738,0,10,37061,37687,4638,32093,25426,12021,570,55983,5581,11548,430,186,15,1005
Selangor,P.109 Kapar,N.42 Meru,64367,63909,453,5,31789,32578,5811,31648,19715,6734,459,36769,10774,15757,260,128,5,674
Selangor,P.109 Kapar,N.43 Sementa,67782,67777,0,5,33976,33806,5831,32531,20966,7800,654,50434,9038,6889,188,108,8,1117
Selangor,P.109 Kapar,N.44 Selat Klang,57220,57178,38,4,28462,28758,4090,25430,18721,8313,666,42290,8608,3874,569,100,98,1681
Selangor,P.110 Klang,N.45 Bandar Baru Klang,82340,82288,31,21,40686,41654,4247,31075,28096,16891,2031,13157,55702,12480,229,94,5,673
Selangor,P.110 Klang,N.46 Pelabuhan Klang,50913,50485,426,2,25655,25258,4161,22349,17209,6607,587,31495,9203,8343,474,185,192,1021
Selangor,P.110 Klang,N.47 Pandamaran,75660,74839,809,12,37832,37828,3254,25205,26854,17924,2423,11554,44835,17148,834,193,5,1091
Selangor,P.111 Kota Raja,N.48 Sentosa,88435,88419,0,16,43131,45304,7608,43165,27572,9467,623,13278,36278,36270,1460,227,10,912
Selangor,P.111 Kota Raja,N.49 Sungai Kandis,76676,76663,0,13,37757,38919,6967,36341,23455,9271,642,52883,9950,11618,547,187,17,1474
Selangor,P.111 Kota Raja,N.50 Kota Kemuning,79601,79541,37,23,39941,39660,7673,35742,26508,9054,624,31690,26552,18365,1281,423,19,1271
Selangor,P.112 Kuala Langat,N.51 Sijangkang,60902,60868,30,4,30217,30685,5620,28781,18885,6860,756,43339,4856,8726,323,118,2441,1099
Selangor,P.112 Kuala Langat,N.52 Banting,44454,44412,37,5,22107,22347,2818,19107,14869,6915,745,8035,25515,9983,220,47,275,379
Selangor,P.112 Kuala Langat,N.53 Morib,43281,42258,1020,3,21616,21665,3148,20733,12873,5904,623,30755,4606,6684,126,112,243,755
Selangor,P.113 Sepang,N.54 Tanjong Sepat,32114,32105,7,2,16152,15962,2019,13811,10636,4990,658,18556,8414,3762,40,12,1099,231
Selangor,P.113 Sepang,N.55 Dengkil,89739,89497,207,35,44899,44840,9680,42853,27430,8908,868,61854,13090,9577,772,445,2335,1666
Selangor,P.113 Sepang,N.56 Sungai Pelek,46186,44536,1636,14,23373,22813,3613,21594,14302,6004,673,26246,10420,8126,409,246,43,696
W.P. Kuala Lumpur,P.114 Kepong,P.114 Kepong,94285,93994,283,8,47372,46913,3904,29298,35447,22712,2924,5454,80395,6680,851,142,9,754
W.P. Kuala Lumpur,P.115 Batu,P.115 Batu,113863,110866,2978,19,56710,57153,6580,49325,36359,19324,2275,50460,39074,20610,688,511,44,2476
W.P. Kuala Lumpur,P.116 Wangsa Maju,P.116 Wangsa Maju,120323,117500,2792,31,59402,60921,6179,52318,39011,20983,1832,69536,34132,10897,748,764,64,4182
W.P. Kuala Lumpur,P.117 Segambut,P.117 Segambut,119652,119339,249,64,58292,61360,6397,46749,39024,24280,3202,32142,67862,13953,396,344,27,4928
W.P. Kuala Lumpur,P.118 Setiawangsa,P.118 Setiawangsa,95753,83599,12115,39,49132,46621,5060,44341,30309,14770,1273,58057,23335,11181,808,902,43,1427
W.P. Kuala Lumpur,P.119 Titiwangsa,P.119 Titiwangsa,80747,78624,2105,18,40245,40502,3873,30812,27559,16462,2041,53806,13059,7407,554,390,27,5504
W.P. Kuala Lumpur,P.120 Bukit Bintang,P.120 Bukit Bintang,79782,77179,2594,9,41741,38041,2065,18090,28028,26556,5043,10731,56621,9961,770,327,18,1354
W.P. Kuala Lumpur,P.121 Lembah Pantai,P.121 Lembah Pantai,101828,92036,9768,24,53093,48735,4085,38975,36155,20069,2544,60220,19448,17416,1012,640,43,3049
W.P. Kuala Lumpur,P.122 Seputeh,P.122 Seputeh,124805,124374,401,30,60800,64005,6250,43544,44239,26715,4057,15442,95318,11219,694,291,15,1826
W.P. Kuala Lumpur,P.123 Cheras,P.123 Cheras,101184,100028,1141,15,50332,50852,3839,30311,36752,26458,3824,13979,77537,7867,590,238,11,962
W.P. Kuala Lumpur,P.124 Bandar Tun Razak,P.124 Bandar Tun Razak,119185,114154,5011,20,59421,59764,7603,52547,39637,17852,1546,74668,31444,10295,853,720,24,1181
W.P. Putrajaya,P.125 Putrajaya,P.125 Putrajaya,42881,41426,1386,69,21200,21681,3571,21727,13770,3754,59,40350,360,1097,517,227,26,304
Negeri Sembilan,P.126 Jelebu,N.01 Chennah,14561,14535,26,0,7498,7063,671,5268,4994,3100,528,6739,6444,299,14,16,873,176
Negeri Sembilan,P.126 Jelebu,N.02 Pertang,12854,12840,13,1,6507,6347,566,5123,4452,2413,300,8419,2565,858,21,3,927,61
Negeri Sembilan,P.126 Jelebu,N.03 Sungai Lui,19115,18615,499,1,9546,9569,904,8761,5581,3625,244,15107,1090,1647,64,31,1115,61
Negeri Sembilan,P.126 Jelebu,N.04 Klawang,13031,12828,201,2,6531,6500,684,5114,4218,2555,460,8517,3654,503,22,15,240,80
Negeri Sembilan,P.127 Jempol,N.05 Serting,30248,29957,289,2,14851,15397,1528,15859,7365,5120,376,23475,3784,2630,32,34,75,218
Negeri Sembilan,P.127 Jempol,N.06 Palong,23546,23545,0,1,11474,12072,927,11661,5659,5213,86,21685,384,1376,17,12,21,51
Negeri Sembilan,P.127 Jempol,N.07 Jeram Padang,16284,16267,16,1,7835,8449,967,6931,5195,2923,268,8317,1578,5478,13,20,780,98
Negeri Sembilan,P.127 Jempol,N.08 Bahau,25735,25650,85,0,12797,12938,1384,10244,8179,5131,797,7605,15157,2726,41,20,12,174
Negeri Sembilan,P.128 Seremban,N.09 Lenggeng,26993,26928,58,7,13303,13690,1895,12232,8101,4235,530,20405,4043,1437,53,53,673,329
Negeri Sembilan,P.128 Seremban,N.10 Nilai,41123,40716,398,9,20909,20214,3875,18419,12783,5364,682,17807,13124,8898,303,216,288,487
Negeri Sembilan,P.128 Seremban,N.11 Lobak,23264,23259,0,5,11183,12081,850,7462,8160,5745,1047,993,16770,5010,48,19,241,183
Negeri Sembilan,P.128 Seremban,N.12 Temiang,13121,12082,1035,4,6882,6239,453,4549,4238,3332,549,4939,5852,1947,50,37,41,255
Negeri Sembilan,P.128 Seremban,N.13 Sikamat,31821,31721,89,11,15502,16319,2352,14966,9205,4860,438,22410,6268,2531,119,77,20,396
Negeri Sembilan,P.128 Seremban,N.14 Ampangan,20922,20915,0,7,10249,10673,1064,8115,6911,4215,617,15085,3332,1774,42,26,2,661
Negeri Sembilan,P.129 Kuala Pilah,N.15 Juasseh,13299,13296,0,3,6472,6827,734,5407,4172,2460,526,10564,1579,718,23,19,284,112
Negeri Sembilan,P.129 Kuala Pilah,N.16 Seri Menanti,10052,10026,26,0,4896,5156,510,3551,3461,2028,502,9199,246,36,8,14,487,62
Negeri Sembilan,P.129 Kuala Pilah,N.17 Senaling,9896,9892,0,4,4931,4965,439,3770,3023,2258,406,7922,1535,357,3,15,6,58
Negeri Sembilan,P.129 Kuala Pilah,N.18 Pilah,17679,17360,317,2,8752,8927,866,7369,5373,3477,594,11533,4404,1553,47,20,5,117
Negeri Sembilan,P.129 Kuala Pilah,N.19 Johol,12321,12301,19,1,6198,6123,649,4588,4262,2322,500,8968,2006,641,11,14,631,50
Negeri Sembilan,P.130 Rasah,N.20 Labu,29651,29632,12,7,14738,14913,2810,13574,9071,3726,470,22117,2348,4114,176,106,501,289
Negeri Sembilan,P.130 Rasah,N.21 Bukit Kepayang,45177,44530,635,12,22410,22767,3884,20013,12839,7422,1019,11985,22250,10027,173,117,83,542
Negeri Sembilan,P.130 Rasah,N.22 Rahang,20359,18685,1667,7,10214,10145,568,6711,6806,5269,1005,5946,9138,4599,78,79,12,507
Negeri Sembilan,P.130 Rasah,N.23 Mambau,28804,28775,23,6,14016,14788,1325,11659,9751,5383,686,3899,16909,7402,73,47,1,473
Negeri Sembilan,P.130 Rasah,N.24 Seremban Jaya,31905,31901,0,4,15594,16311,2337,14335,10107,4586,540,7668,15040,8681,62,152,6,296
Negeri Sembilan,P.131 Rembau,N.25 Paroi,59554,58658,880,16,29210,30344,5368,29675,16723,7360,428,46163,3702,8902,147,134,12,494
Negeri Sembilan,P.131 Rembau,N.26 Chembong,25376,25043,327,6,12295,13081,1756,11257,7599,4114,650,20601,1615,2536,39,30,346,209
Negeri Sembilan,P.131 Rembau,N.27 Rantau,32139,31138,997,4,16101,16038,2121,14214,10292,4866,646,17701,5054,8813,143,109,8,311
Negeri Sembilan,P.131 Rembau,N.28 Kota,16486,16469,13,4,8034,8452,790,6275,5469,3287,665,14175,1103,852,24,15,189,128
Negeri Sembilan,P.132 Port Dickson,N.29 Chuah,15039,15007,29,3,7650,7389,719,5472,5411,3001,436,3565,8132,3222,19,19,6,76
Negeri Sembilan,P.132 Port Dickson,N.30 Lukut,26466,26439,25,2,13205,13261,1869,11959,8410,3801,427,6075,13025,6933,66,70,0,297
Negeri Sembilan,P.132 Port Dickson,N.31 Bagan Pinang,23184,18604,4579,1,12609,10575,2412,11540,6133,2738,361,17324,1582,2314,829,880,36,219
Negeri Sembilan,P.132 Port Dickson,N.32 Linggi,20387,18009,2376,2,10280,10107,869,9131,6525,3396,466,12417,3514,3593,155,212,272,224
Negeri Sembilan,P.132 Port Dickson,N.33 Sri Tanjung,19374,18999,370,5,9648,9726,1023,7603,6126,4086,536,7246,6083,5441,197,95,1,311
Negeri Sembilan,P.133 Tampin,N.34 Gemas,29346,24483,4863,0,15309,14037,1301,15580,7651,4451,363,24457,2269,1420,381,628,21,170
Negeri Sembilan,P.133 Tampin,N.35 Gemencheh,24587,24555,29,3,12275,12312,1303,9963,8299,4246,776,15225,5447,3729,15,19,12,140
Negeri Sembilan,P.133 Tampin,N.36 Repah,27166,26837,328,1,13418,13748,1453,11847,8360,4880,626,10728,11244,4781,34,28,112,239
Melaka,P.134 Masjid Tanah,N.01 Kuala Linggi,14791,14775,15,1,7277,7514,935,6349,4780,2408,319,10564,3123,219,49,32,1,803
Melaka,P.134 Masjid Tanah,N.02 Tanjung Bidara,14019,14016,0,3,6869,7150,1052,6373,4337,2028,229,12964,631,268,20,24,2,110
Melaka,P.134 Masjid Tanah,N.03 Ayer Limau,15001,14987,11,3,7258,7743,824,6905,4386,2503,383,13572,589,650,23,16,8,143
Melaka,P.134 Masjid Tanah,N.04 Lendu,14262,13983,279,0,6978,7284,925,6471,4168,2380,318,10919,2364,700,57,54,1,167
Melaka,P.134 Masjid Tanah,N.05 Taboh Naning,11101,11082,18,1,5298,5803,604,4484,3571,2064,378,8718,1326,665,24,5,303,60
Melaka,P.135 Alor Gajah,N.06 Rembia,21894,21824,69,1,10591,11303,1533,9976,6519,3459,407,14600,3888,3219,37,35,3,112
Melaka,P.135 Alor Gajah,N.07 Gadek,16344,16300,44,0,7858,8486,860,6477,4947,3444,616,9960,3373,2796,23,17,37,138
Melaka,P.135 Alor Gajah,N.08 Machap Jaya,15880,15497,383,0,8135,7745,851,6354,5336,2886,453,7250,5911,2234,35,22,317,111
Melaka,P.135 Alor Gajah,N.09 Durian Tunggal,19189,19142,45,2,9497,9692,1607,8729,5828,2700,325,12805,4459,1645,49,55,13,163
Melaka,P.135 Alor Gajah,N.10 Asahan,20004,19986,17,1,9844,10160,1068,8237,6584,3530,585,12817,4350,2286,24,20,357,150
Melaka,P.136 Tangga Batu,N.11 Sungai Udang,28257,18677,9579,1,16331,11926,1488,17173,7381,2026,189,21912,2531,775,1182,1561,45,251
Melaka,P.136 Tangga Batu,N.12 Pantai Kundor,20174,20163,9,2,9897,10277,1170,8578,6478,3492,456,15870,3249,168,245,67,7,568
Melaka,P.136 Tangga Batu,N.13 Paya Rumput,41144,41115,23,6,20244,20900,4212,20058,11980,4515,379,25145,12289,2615,184,123,14,774
Melaka,P.136 Tangga Batu,N.14 Kelebang,26423,26406,10,7,13015,13408,1558,11046,8354,4859,606,17732,7491,615,110,77,3,395
Melaka,P.137 Hang Tuah Jaya,N.15 Pengkalan Batu,25559,25557,0,2,12359,13200,1217,10449,8330,4995,568,16392,7222,1480,98,46,6,315
Melaka,P.137 Hang Tuah Jaya,N.16 Ayer Keroh,36058,35160,890,8,17982,18076,2484,16474,10722,5820,558,15343,17111,3003,132,87,7,375
Melaka,P.137 Hang Tuah Jaya,N.17 Bukit Katil,33563,33263,296,4,16345,17218,2219,14839,10420,5427,658,21369,9971,1618,128,81,2,394
Melaka,P.137 Hang Tuah Jaya,N.18 Ayer Molek,23313,23296,15,2,11402,11911,1660,10846,6979,3434,394,20367,1669,1030,18,23,2,204
Melaka,P.138 Kota Melaka,N.19 Kesidang,52151,52116,26,9,25463,26688,3503,23194,16489,8136,829,19334,29247,2638,155,145,8,624
Melaka,P.138 Kota Melaka,N.20 Kota Laksamana,34949,34923,19,7,16851,18098,1123,10346,12061,9688,1731,6596,26706,1261,77,38,3,268
Melaka,P.138 Kota Melaka,N.21 Duyong,24506,24501,0,5,11970,12536,1650,10826,7331,4227,472,15180,7773,1198,47,28,1,279
Melaka,P.138 Kota Melaka,N.22 Bandar Hilir,24421,23805,612,4,11888,12533,681,6552,8412,7302,1474,3166,17818,1586,92,68,5,1686
Melaka,P.138 Kota Melaka,N.23 Telok Mas,28113,28095,14,4,13689,14424,1960,12582,8652,4394,525,20189,6837,607,36,32,1,411
Melaka,P.139 Jasin,N.24 Bemban,24689,24488,198,3,12091,12598,1590,11092,7566,3856,585,14996,5152,4270,29,29,22,191
Melaka,P.139 Jasin,N.25 Rim,17256,17244,10,2,8406,8850,977,6942,5608,3231,498,11421,3252,2320,11,14,101,137
Melaka,P.139 Jasin,N.26 Serkam,20440,20440,0,0,9948,10492,1379,9157,6461,3104,339,18430,1141,610,17,18,4,220
Melaka,P.139 Jasin,N.27 Merlimau,18469,18455,14,0,8928,9541,1235,8062,5901,2879,392,12947,3166,2177,20,23,6,130
Melaka,P.139 Jasin,N.28 Sungai Rambai,15354,15349,5,0,7547,7807,982,6667,4929,2385,391,12949,1996,309,21,6,4,69
Johor,P.140 Segamat,N.01 Buloh Kasap,28479,28467,10,2,14273,14206,1474,12901,8394,5105,605,15962,8961,3069,26,25,109,327
Johor,P.140 Segamat,N.02 Jementah,40881,40000,877,4,20596,20285,1861,15663,12900,9076,1381,16737,20360,3249,148,131,19,237
Johor,P.141 Sekijang,N.03 Pemanis,29969,29967,0,2,14825,15144,1570,12502,9440,5800,657,18773,9961,705,23,28,13,466
Johor,P.141 Sekijang,N.04 Kemelah,34012,34011,0,1,16806,17206,2252,15795,10169,5177,619,18279,13341,1884,26,28,205,249
Johor,P.142 Labis,N.05 Tenang,22560,22551,7,2,11316,11244,1092,8874,7838,4069,687,10955,8498,2544,19,12,383,149
Johor,P.142 Labis,N.06 Bekok,27286,27251,34,1,13735,13551,1298,10366,9033,5688,901,7892,13139,5115,59,17,793,271
Johor,P.143 Pagoh,N.07 Bukit Kepong,37509,37430,79,0,18721,18788,1800,15742,11624,7049,1294,26158,9665,1017,29,16,412,212
Johor,P.143 Pagoh,N.08 Bukit Pasir,32430,32405,24,1,16104,16326,2223,14267,10104,4905,931,20138,10693,1357,40,31,3,168
Johor,P.144 Ledang,N.09 Gambir,29548,29509,37,2,14642,14906,1849,12176,9614,5000,909,17517,10710,1105,22,13,6,175
Johor,P.144 Ledang,N.10 Tangkak,35887,35590,294,3,17806,18081,2233,14928,11352,6439,935,14388,17062,3607,54,27,448,301
Johor,P.144 Ledang,N.11 Serom,39142,39110,27,5,19188,19954,2372,17161,11978,6519,1112,26146,12285,385,42,32,16,236
Johor,P.145 Bakri,N.12 Bentayan,34571,34559,12,0,16953,17618,1398,11472,11530,8577,1594,9113,24380,826,38,36,2,176
Johor,P.145 Bakri,N.13 Simpang Jeram,40197,40191,0,6,19658,20539,2614,18506,12286,6082,709,20853,17922,1020,55,45,5,297
Johor,P.145 Bakri,N.14 Bukit Naning,22567,21658,905,4,11472,11095,1156,9157,7809,3861,584,14272,7873,208,62,46,4,102
Johor,P.146 Muar,N.15 Maharani,38750,38199,543,8,19249,19501,2297,16495,11959,6840,1159,23699,13730,864,80,40,19,318
Johor,P.146 Muar,N.16 Sungai Balang,30175,30154,20,1,14924,15251,1740,12819,9537,5135,944,22115,7711,57,28,31,49,184
Johor,P.147 Parit Sulong,N.17 Semerah,46652,46640,11,1,22853,23799,2581,17815,15052,9552,1652,34581,11346,257,38,32,53,345
Johor,P.147 Parit Sulong,N.18 Sri Medan,32832,32794,32,6,16175,16657,2087,14255,10538,5057,895,29419,2755,103,16,26,218,295
Johor,P.148 Ayer Hitam,N.19 Yong Peng,33186,33147,36,3,16685,16501,1993,13681,10804,5853,855,11410,19074,2290,37,20,13,342
Johor,P.148 Ayer Hitam,N.20 Semarang,27855,27841,12,2,13767,14088,1854,11983,9091,4267,660,23873,3469,208,16,18,11,260
Johor,P.149 Sri Gading,N.21 Parit Yaani,42267,42245,13,9,20914,21353,3151,19971,12774,5583,788,23206,18122,402,55,25,28,429
Johor,P.149 Sri Gading,N.22 Parit Raja,36335,36245,83,7,18000,18335,2618,15720,11414,5694,889,26895,8431,649,51,39,9,261
Johor,P.150 Batu Pahat,N.23 Penggaram,69241,68811,411,19,33889,35352,3508,28453,22389,12996,1895,25035,41943,1579,110,83,32,459
Johor,P.150 Batu Pahat,N.24 Senggarang,37547,36844,696,7,19036,18511,2401,16157,11936,6047,1006,22955,13283,255,22,29,434,569
Johor,P.150 Batu Pahat,N.25 Rengit,27122,27100,15,7,13313,13809,1644,11522,8418,4712,826,21712,4570,75,30,20,311,404
Johor,P.151 Simpang Renggam,N.26 Machap,33941,33914,25,2,16819,17122,2248,15320,10454,5144,775,22132,9399,1798,35,29,9,539
Johor,P.151 Simpang Renggam,N.27 Layang-Layang,25092,24396,694,2,12700,12392,1247,10361,8129,4603,752,13869,7317,3219,99,60,75,453
Johor,P.152 Kluang,N.28 Mengkibol,66589,66531,46,12,33184,33405,3664,26574,21016,13442,1893,18924,38196,8742,93,85,25,524
Johor,P.152 Kluang,N.29 Mahkota,65753,60336,5401,16,33202,32551,3787,30946,19753,10012,1255,36006,22429,5054,432,720,109,1003
Johor,P.153 Sembrong,N.30 Paloh,25646,25612,31,3,12927,12719,1211,9997,8495,5190,753,11783,9085,4022,23,14,310,409
Johor,P.153 Sembrong,N.31 Kahang,29336,29319,13,4,14663,14673,1475,13964,8157,5382,358,21465,6042,819,35,34,633,308
Johor,P.154 Mersing,N.32 Endau,27993,27959,30,4,13940,14053,1812,12736,8542,4343,560,22229,3866,210,58,17,1334,279
Johor,P.154 Mersing,N.33 Tenggaroh,38282,36630,1652,0,19499,18783,1813,19316,9776,6888,489,31700,5135,550,289,316,82,210
Johor,P.155 Tenggara,N.34 Panti,38758,38674,80,4,19085,19673,2958,18408,11973,5057,362,29759,5580,2258,47,67,399,648
Johor,P.155 Tenggara,N.35 Pasir Raja,28536,26581,1950,5,14482,14054,2076,13492,8887,3445,636,19505,5317,2450,229,629,22,384
Johor,P.156 Kota Tinggi,N.36 Sedili,28674,28661,13,0,14368,14306,1507,13591,8491,4749,336,27553,439,222,20,45,71,324
Johor,P.156 Kota Tinggi,N.37 Johor Lama,32617,32230,386,1,16375,16242,1595,13715,10571,6017,719,26907,4336,847,66,74,10,377
Johor,P.157 Pengerang,N.38 Penawar,30101,30072,27,2,14814,15287,1826,12960,10433,4446,436,29327,96,224,41,29,217,167
Johor,P.157 Pengerang,N.39 Tanjung Surat,25215,24502,713,0,13047,12168,1201,10990,7872,4649,503,20218,4226,195,165,157,19,235
Johor,P.158 Tebrau,N.40 Tiram,107523,107438,80,5,54170,53353,10499,51542,34041,10423,1018,59393,27141,13145,726,2181,207,4730
Johor,P.158 Tebrau,N.41 Puteri Wangsa,115778,115565,198,15,58308,57470,11096,54484,38010,11243,945,41069,59804,11960,477,738,19,1711
Johor,P.159 Pasir Gudang,N.42 Johor Jaya,93122,91361,1743,18,47162,45960,6254,41635,31744,12521,968,36222,42997,7365,2395,1404,24,2715
Johor,P.159 Pasir Gudang,N.43 Permas,105363,105063,292,8,53332,52031,8813,49736,34787,11386,641,55527,28660,12668,2272,3408,235,2593
Johor,P.160 Johor Bahru,N.44 Larkin,75978,75358,601,19,37738,38240,3445,28448,25183,16520,2382,47525,20983,5066,307,339,13,1745
Johor,P.160 Johor Bahru,N.45 Stulang,60390,58988,1392,10,30547,29843,2301,19927,20896,15028,2238,22833,32184,2971,310,390,29,1673
Johor,P.161 Pulai,N.46 Perling,102621,101527,1073,21,52071,50550,7756,42896,34788,14962,2219,38160,47823,13511,532,571,289,1735
Johor,P.161 Pulai,N.47 Kempas,62692,62634,47,11,31101,31591,3641,26155,21446,10380,1070,34940,19016,6813,326,480,22,1095
Johor,P.162 Iskandar Puteri,N.48 Skudai,103487,102787,690,10,51874,51613,5761,41721,36557,18049,1399,22639,63847,14456,387,1186,17,955
Johor,P.162 Iskandar Puteri,N.49 Kota Iskandar,118950,118705,225,20,59492,59458,10879,58356,37217,11543,955,58114,40994,16940,491,770,440,1201
Johor,P.163 Kulai,N.50 Bukit Permai,40348,40343,0,5,20170,20178,3865,18337,12866,4714,566,21289,12822,5388,150,170,7,522
Johor,P.163 Kulai,N.51 Bukit Batu,46729,46642,82,5,23432,23297,3680,21144,15080,5951,874,17099,24866,3958,134,151,23,498
Johor,P.163 Kulai,N.52 Senai,64170,63520,643,7,32470,31700,4062,25600,21806,11124,1578,17965,36161,8241,508,482,13,800
Johor,P.164 Pontian,N.53 Benut,28243,28229,11,3,13996,14247,1617,12233,8809,4702,882,22776,4680,58,21,11,219,478
Johor,P.164 Pontian,N.54 Pulai Sebatang,46969,46897,69,3,23366,23603,2633,19554,14711,8653,1418,28787,16122,722,57,75,274,932
Johor,P.165 Tanjung Piai,N.55 Pekan Nanas,36078,36051,24,3,18180,17898,2330,15109,11849,5855,935,19838,15155,404,55,66,13,547
Johor,P.165 Tanjung Piai,N.56 Kukup,34601,34318,280,3,17680,16921,1801,14044,11124,6586,1046,20593,12985,328,80,50,13,552
W.P. Labuan,P.166 Labuan,P.166 Labuan,44484,43034,1444,6,23262,21222,3225,21368,12758,6401,732,14638,7422,534,18759,993,2,2136
Sabah,P.167 Kudat,N.01 Banggi,9127,9127,0,0,4468,4659,717,4267,2306,1219,618,200,16,0,4201,6,1,4703
Sabah,P.167 Kudat,N.02 Bengkoka,17355,17355,0,0,8820,8535,1455,8310,4605,2127,858,365,113,9,15901,57,1,909
Sabah,P.167 Kudat,N.03 Pitas,16374,16374,0,0,8208,8166,1338,7999,4495,1846,696,875,150,20,14428,71,2,828
Sabah,P.167 Kudat,N.04 Tanjong Kapor,32868,32351,517,0,16773,16095,2520,14833,10124,4360,1031,1748,4931,68,19804,119,3,6195
Sabah,P.168 Kota Marudu,N.05 Matunggong,27546,27546,0,0,13947,13599,2194,13701,7596,3022,1033,417,353,8,25665,52,0,1051
Sabah,P.168 Kota Marudu,N.06 Bandau,25265,25090,175,0,12789,12476,2037,13229,6722,2552,725,1235,876,31,22470,95,1,557
Sabah,P.168 Kota Marudu,N.07 Tandek,27924,27922,0,2,14167,13757,2375,14216,7253,3293,787,509,384,23,26453,108,2,445
Sabah,P.169 Kota Belud,N.08 Pintasan,15103,15103,0,0,7301,7802,1124,6925,4489,2064,501,492,41,10,13556,52,0,952
Sabah,P.169 Kota Belud,N.09 Tempasuk,16393,16072,321,0,7958,8435,1100,7505,5047,2167,574,691,57,12,15326,40,1,266
Sabah,P.169 Kota Belud,N.10 Usukan,23145,22979,165,1,11291,11854,1827,10710,7042,2927,639,987,648,100,20196,88,2,1124
Sabah,P.169 Kota Belud,N.11 Kadamaian,25244,25243,0,1,12543,12701,1647,11699,7817,3315,766,219,130,30,24568,85,0,212
Sabah,P.170 Tuaran,N.12 Sulaman,16944,16943,0,1,8329,8615,1305,7992,5157,2113,377,1343,351,71,14281,81,3,814
Sabah,P.170 Tuaran,N.13 Pantai Dalit,24278,24088,190,0,12007,12271,2230,11631,6996,2862,559,1969,1597,67,19317,128,1,1199
Sabah,P.170 Tuaran,N.14 Tamparuli,25726,25723,3,0,12833,12893,1846,11461,8255,3470,694,573,1419,51,23076,153,2,452
Sabah,P.170 Tuaran,N.15 Kiulu,16471,16470,0,1,8367,8104,1081,7491,5210,2121,568,152,79,8,16018,46,0,168
Sabah,P.171 Sepanggar,N.16 Karambunai,34670,32492,2174,4,17926,16744,3523,20196,8002,2519,430,6684,2568,173,21152,465,6,3622
Sabah,P.171 Sepanggar,N.17 Darau,30711,30710,0,1,15672,15039,2623,15877,8310,3515,386,4675,3858,208,19016,154,3,2797
Sabah,P.171 Sepanggar,N.18 Inanam,42989,42974,11,4,21666,21323,3420,20863,12726,5172,808,2961,11831,200,25990,197,3,1807
Sabah,P.172 Kota Kinabalu,N.19 Likas,19567,19559,6,2,9535,10032,740,5695,6936,5273,923,686,12925,217,4969,45,0,725
Sabah,P.172 Kota Kinabalu,N.20 Api-Api,19301,19144,154,3,9682,9619,258,6443,6573,5112,915,1310,8447,165,7518,78,1,1782
Sabah,P.172 Kota Kinabalu,N.21 Luyang,35191,35000,182,9,17091,18100,1463,12437,12220,7968,1103,1081,23110,339,9312,103,1,1245
Sabah,P.173 Putatan,N.22 Tanjung Aru,20738,20708,29,1,10585,10153,1235,7923,6520,4297,763,1821,4282,99,11464,87,1,2984
Sabah,P.173 Putatan,N.23 Petagas,19191,19189,0,2,9588,9603,1168,8251,6183,3139,450,3386,1192,132,13193,145,1,1142
Sabah,P.173 Putatan,N.24 Tanjung Keramat,23244,20261,2981,2,12503,10741,1848,13906,5773,1603,114,6593,1759,230,13060,420,10,1172
Sabah,P.174 Penampang,N.25 Kapayan,47605,45264,2336,5,24415,23190,3266,22337,15112,6138,752,3171,18670,424,23135,571,1,1633
Sabah,P.174 Penampang,N.26 Moyog,29609,29329,278,2,14851,14758,2045,13120,9714,4035,695,542,1865,98,26317,207,4,576
Sabah,P.175 Papar,N.27 Limbahau,19123,19121,0,2,9511,9612,1458,8322,6202,2777,364,750,1633,43,16280,91,1,325
Sabah,P.175 Papar,N.28 Kawang,21651,21016,635,0,10919,10732,1911,10079,6731,2593,337,2579,650,69,16376,189,1,1787
Sabah,P.175 Papar,N.29 Pantai Manis,19168,18977,190,1,9500,9668,1193,7914,6675,2975,411,2039,1428,70,14985,127,1,518
Sabah,P.176 Kimanis,N.30 Bongawan,22919,22918,0,1,11546,11373,1511,10040,7757,3112,499,2411,718,36,18920,165,2,667
Sabah,P.176 Kimanis,N.31 Membakut,17844,17825,19,0,8966,8878,1077,7705,6130,2442,490,1350,460,39,15509,86,0,400
Sabah,P.177 Beaufort,N.32 Klias,21840,21661,177,2,10945,10895,1244,8756,7681,3623,536,2247,1886,92,16796,172,0,647
Sabah,P.177 Beaufort,N.33 Kuala Penyu,21408,21376,32,0,10823,10585,1139,8499,7867,3470,433,874,397,48,19669,145,5,270
Sabah,P.178 Sipitang,N.34 Lumadan,21296,21296,0,0,10721,10575,1441,9594,6833,2924,504,1498,739,19,18506,161,0,373
Sabah,P.178 Sipitang,N.35 Sindumin,24575,24428,146,1,12584,11991,1647,11343,7656,3418,511,2200,803,62,20227,730,2,551
Sabah,P.179 Ranau,N.36 Kundasang,23254,23254,0,0,11706,11548,1823,11881,6240,2542,768,389,89,9,22310,45,2,410
Sabah,P.179 Ranau,N.37 Karanaan,18267,18078,189,0,9252,9015,1126,7739,6174,2749,479,558,588,25,16734,73,1,288
Sabah,P.179 Ranau,N.38 Paginatan,24996,24996,0,0,12485,12511,2149,13203,6687,2392,565,535,191,23,23692,166,1,388
Sabah,P.180 Keningau,N.39 Tambunan,27768,27749,19,0,13834,13934,2044,14467,7852,2975,430,169,242,15,27081,101,1,159
Sabah,P.180 Keningau,N.40 Bingkor,29387,29134,252,1,14794,14593,2207,14102,9133,3344,601,1156,1924,44,25525,189,5,544
Sabah,P.180 Keningau,N.41 Liawan,30433,30431,0,2,15507,14926,2639,16388,7765,3163,478,3417,3962,87,21246,367,0,1354
Sabah,P.181 Tenom,N.42 Melalap,20246,20105,140,1,10255,9991,1437,9078,6337,2827,567,1387,2554,23,15607,107,1,567
Sabah,P.181 Tenom,N.43 Kemabong,21799,21798,0,1,10747,11052,1775,10292,6581,2462,689,1166,948,9,19104,130,2,440
Sabah,P.182 Pensiangan,N.44 Tulid,15636,15636,0,0,7997,7639,1355,8209,4263,1424,385,173,67,17,15178,30,2,169
Sabah,P.182 Pensiangan,N.45 Sook,18252,18252,0,0,9261,8991,1628,9562,4757,1758,547,444,357,9,16987,92,2,361
Sabah,P.182 Pensiangan,N.46 Nabawan,21784,21773,11,0,10642,11142,2358,11785,5078,1719,844,225,92,3,21103,80,2,279
Sabah,P.183 Beluran,N.47 Telupid,13666,13666,0,0,6982,6684,1227,7030,3846,1325,238,732,147,20,11910,269,1,587
Sabah,P.183 Beluran,N.48 Sugut,17389,17389,0,0,8938,8451,1366,8486,4670,2208,659,743,88,11,15652,190,2,703
Sabah,P.183 Beluran,N.49 Labuk,13672,13495,177,0,6885,6787,1081,6964,4002,1433,192,1027,152,19,11443,283,0,748
Sabah,P.184 Libaran,N.50 Gum-Gum,18685,17962,722,1,9825,8860,1463,8702,5766,2300,454,5325,3041,54,8366,238,2,1659
Sabah,P.184 Libaran,N.51 Sungai Manila,17451,16805,646,0,9173,8278,1181,8054,5495,2272,449,4372,2528,27,8222,250,2,2050
Sabah,P.184 Libaran,N.52 Sungai Sibuga,36196,35628,567,1,18200,17996,3257,19667,9232,3648,392,10674,5068,145,17118,361,3,2827
Sabah,P.185 Batu Sapi,N.53 Sekong,25216,25216,0,0,12830,12386,2068,13056,6632,2891,569,3084,5346,55,14808,117,3,1803
Sabah,P.185 Batu Sapi,N.54 Karamunting,18700,17926,774,0,9844,8856,1005,7267,5944,3545,939,3338,6389,96,7535,200,3,1139
Sabah,P.186 Sandakan,N.55 Elopura,38302,38064,237,1,19259,19043,2752,18410,10490,5580,1070,5586,16190,274,13647,333,2,2270
Sabah,P.186 Sandakan,N.56 Tanjong Papat,17240,17102,134,4,8697,8543,900,5408,5691,4264,977,2504,6970,86,6329,150,3,1198
Sabah,P.187 Kinabatangan,N.57 Kuamut,17089,17089,0,0,8685,8404,1574,8776,4438,1802,499,163,91,5,16214,204,0,412
Sabah,P.187 Kinabatangan,N.58 Lamag,12359,12142,217,0,6455,5904,1060,6311,3541,1236,211,2150,102,32,9278,284,0,513
Sabah,P.187 Kinabatangan,N.59 Sukau,15325,15325,0,0,8023,7302,1119,7147,4606,2005,448,4200,109,21,9864,123,2,1006
Sabah,P.188 Lahad Datu,N.60 Tungku,22944,22562,382,0,11995,10949,1990,12930,5657,1989,378,3947,276,30,16946,251,1,1493
Sabah,P.188 Lahad Datu,N.61 Segama,27967,27402,565,0,14604,13363,2927,14278,7127,3108,527,7473,4301,140,13412,418,2,2221
Sabah,P.188 Lahad Datu,N.62 Silam,26154,25517,637,0,13591,12563,1843,13342,7424,3084,461,6356,3816,188,13646,278,2,1868
Sabah,P.188 Lahad Datu,N.63 Kunak,23191,23002,189,0,11857,11334,2070,12120,5924,2698,379,8742,598,59,12167,268,1,1356
Sabah,P.189 Semporna,N.64 Sulabayan,19419,19419,0,0,9454,9965,1552,8561,6187,2216,903,469,11,5,18163,9,1,761
Sabah,P.189 Semporna,N.65 Senallang,19989,19562,427,0,9971,10018,1624,8899,6328,2560,578,2278,699,52,16137,108,5,710
Sabah,P.189 Semporna,N.66 Bugaya,32761,32251,510,0,16493,16268,3388,17610,8365,2788,610,2107,371,42,28800,136,3,1302
Sabah,P.190 Tawau,N.67 Balung,20744,20744,0,0,10599,10145,1520,10078,5870,2922,354,9056,1270,68,8452,485,0,1413
Sabah,P.190 Tawau,N.68 Apas,29728,29261,466,1,15377,14351,2399,14685,8016,4047,581,12449,3323,79,11175,325,1,2376
Sabah,P.190 Tawau,N.69 Sri Tanjong,37005,36295,706,4,18936,18069,2214,14395,12413,6759,1224,8242,20857,192,5483,279,1,1951
Sabah,P.191 Kalabakan,N.70 Kukusan,18507,16796,1707,4,9753,8754,1187,8948,5580,2475,317,8921,2910,129,4825,316,0,1406
Sabah,P.191 Kalabakan,N.71 Tanjung Batu,25446,25445,0,1,12945,12501,2119,14536,6021,2555,215,16749,835,59,5759,306,2,1736
Sabah,P.191 Kalabakan,N.72 Merotai,24207,23702,505,0,12526,11681,2032,12579,6193,2941,462,11645,3106,108,6542,994,7,1805
Sabah,P.191 Kalabakan,N.73 Sebatik,15810,15278,532,0,8333,7477,1117,8689,4115,1554,335,4027,103,16,10432,231,2,999
Sarawak,P.192 Mas Gading,N.01 Opar,18525,18524,0,1,9378,9147,1251,7956,6264,2780,274,696,1339,29,73,16321,3,64
Sarawak,P.192 Mas Gading,N.02 Tasik Biru,28646,27996,650,0,14808,13838,1803,11372,9648,5101,722,1778,6671,54,158,19892,2,91
Sarawak,P.193 Santubong,N.03 Tanjong Datu,16081,15947,133,1,8090,7991,1028,6705,5239,2751,358,8405,2843,10,66,4684,1,72
Sarawak,P.193 Santubong,N.04 Pantai Damai,37841,37811,28,2,18541,19300,3476,18290,11318,4346,411,32503,1059,24,95,4015,0,145
Sarawak,P.193 Santubong,N.05 Demak Laut,25618,25618,0,0,12774,12844,2024,12250,7868,3137,339,21178,2344,37,55,1940,0,64
Sarawak,P.194 Petra Jaya,N.06 Tupong,51773,51728,37,8,25504,26269,4360,26249,14860,5766,538,30138,9818,408,155,11074,1,179
Sarawak,P.194 Petra Jaya,N.07 Samariang,37898,37888,4,6,18393,19505,2874,18029,11835,4734,426,32697,578,62,108,4320,0,133
Sarawak,P.194 Petra Jaya,N.08 Satok,20138,19255,878,5,9950,10188,964,6795,7172,4395,812,13410,4198,165,110,2143,0,112
Sarawak,P.195 Bandar Kuching,N.09 Padungan,25043,24770,271,2,12151,12892,520,4264,8389,10044,1826,1341,22354,161,50,995,0,142
Sarawak,P.195 Bandar Kuching,N.10 Pending,38375,37576,796,3,18912,19463,1152,10205,14279,11255,1484,2039,33467,91,95,2546,0,137
Sarawak,P.195 Bandar Kuching,N.11 Batu Lintang,46292,46200,81,11,22288,24004,2178,16903,15876,9667,1668,1612,37674,502,89,6085,0,330
Sarawak,P.196 Stampin,N.12 Kota Sentosa,45712,43260,2444,8,23429,22283,2599,20823,14653,6847,790,4013,33535,239,121,7636,2,166
Sarawak,P.196 Stampin,N.13 Batu Kitang,37250,37231,12,7,18657,18593,2699,16454,12171,5260,666,7527,19794,165,90,9547,0,127
Sarawak,P.196 Stampin,N.14 Batu Kawah,38047,36998,1043,6,19100,18947,2897,17537,12515,4618,480,5862,21242,403,178,10250,1,111
Sarawak,P.197 Kota Samarahan,N.15 Asajaya,18439,18429,10,0,9132,9307,1299,7889,5953,2903,395,14538,1710,10,18,2128,1,34
Sarawak,P.197 Kota Samarahan,N.16 Muara Tuang,31919,31661,256,2,15810,16109,2646,14932,9690,4176,475,21346,1848,25,80,8519,1,100
Sarawak,P.197 Kota Samarahan,N.17 Stakan,31871,27051,4818,2,16692,15179,2958,17401,8955,2306,251,9734,7294,159,365,14199,12,108
Sarawak,P.198 Puncak Borneo,N.18 Serembu,15906,15901,5,0,8047,7859,1033,6728,5357,2435,353,810,3228,24,38,11761,0,45
Sarawak,P.198 Puncak Borneo,N.19 Mambong,33577,32781,794,2,17130,16447,2266,14449,11170,5122,570,1397,8029,74,142,23841,5,89
Sarawak,P.198 Puncak Borneo,N.20 Tarat,30486,30468,18,0,15414,15072,1928,12265,10207,5413,673,1660,8627,54,94,19957,1,93
Sarawak,P.199 Serian,N.21 Tebedu,20539,20530,9,0,10331,10208,1265,8057,7175,3603,439,278,393,20,25,19758,0,65
Sarawak,P.199 Serian,N.22 Kedup,19128,19128,0,0,9905,9223,1179,7749,6551,3282,367,199,1320,15,53,17483,2,56
Sarawak,P.199 Serian,N.23 Bukit Semuja,25606,25457,148,1,12911,12695,1698,10530,8567,4347,464,4510,4948,77,81,15938,0,52
Sarawak,P.200 Batang Sadong,N.24 Sadong Jaya,10432,10432,0,0,5124,5308,658,4276,3506,1770,222,9275,781,3,11,348,0,14
Sarawak,P.200 Batang Sadong,N.25 Simunjan,12141,12037,104,0,6011,6130,844,5058,3858,2136,245,7600,762,9,31,3718,0,21
Sarawak,P.200 Batang Sadong,N.26 Gedong,10067,10065,1,1,4979,5088,674,3794,3457,1908,234,6011,124,6,29,3855,1,41
Sarawak,P.201 Batang Lupar,N.27 Sebuyau,13780,13777,3,0,6941,6839,845,5699,4535,2391,310,8768,397,3,20,4544,1,47
Sarawak,P.201 Batang Lupar,N.28 Lingga,13955,13951,2,2,6848,7107,814,5556,4695,2548,342,8818,505,5,24,4555,0,48
Sarawak,P.201 Batang Lupar,N.29 Beting Maro,15337,15322,14,1,7768,7569,1087,6930,5032,2052,236,12988,256,2,23,2009,1,58
Sarawak,P.202 Sri Aman,N.30 Balai Ringin,15892,15890,2,0,8008,7884,957,5866,5407,3219,443,776,1170,5,45,13822,6,68
Sarawak,P.202 Sri Aman,N.31 Bukit Begunan,13685,13027,658,0,7050,6635,734,5204,4506,2886,355,1723,855,3,42,11005,0,57
Sarawak,P.202 Sri Aman,N.32 Simanggang,20587,20365,221,1,10163,10424,1465,8783,6303,3562,474,2685,6381,22,91,11361,2,45
Sarawak,P.203 Lubok Antu,N.33 Engkilili,14725,14710,14,1,7363,7362,832,5187,5217,3001,488,245,1782,10,33,12615,1,39
Sarawak,P.203 Lubok Antu,N.34 Batang Ai,14270,14193,77,0,7274,6996,852,5532,4922,2569,395,270,510,4,44,13374,0,68
Sarawak,P.204 Betong,N.35 Saribas,16406,16400,6,0,8270,8136,1186,7673,5013,2269,265,12828,467,1,18,3014,3,75
Sarawak,P.204 Betong,N.36 Layar,12615,12496,119,0,6304,6311,699,4799,4230,2556,331,1834,1578,7,29,9135,0,32
Sarawak,P.204 Betong,N.37 Bukit Saban,12722,12717,5,0,6363,6359,710,5084,4199,2377,352,3640,577,3,12,8467,0,23
Sarawak,P.205 Saratok,N.38 Kalaka,11928,11820,107,1,5853,6075,768,5138,3892,1917,213,6994,1294,6,34,3577,1,22
Sarawak,P.205 Saratok,N.39 Krian,18195,18195,0,0,9226,8969,1135,7190,5987,3525,358,338,788,6,38,17011,0,14
Sarawak,P.205 Saratok,N.40 Kabong,14408,14396,12,0,7147,7261,1052,6175,4581,2352,248,9114,853,1,22,4368,1,49
Sarawak,P.206 Tanjong Manis,N.41 Kuala Rajang,18223,18215,8,0,9104,9119,1362,8433,5696,2476,256,4826,1460,14,96,11763,3,61
Sarawak,P.206 Tanjong Manis,N.42 Semop,14725,14725,0,0,7351,7374,906,6006,5120,2383,310,2854,530,2,51,11222,1,65
Sarawak,P.207 Igan,N.43 Daro,14116,14040,76,0,7018,7098,1004,6528,4260,2093,231,998,518,3,70,12491,1,35
Sarawak,P.207 Igan,N.44 Jemoreng,14174,14173,0,1,6959,7215,885,6144,4616,2304,225,710,570,1,60,12781,0,52
Sarawak,P.208 Sarikei,N.45 Repok,31110,30861,249,0,15617,15493,1679,12222,10437,5960,812,1616,21037,14,60,8316,5,62
Sarawak,P.208 Sarikei,N.46 Meradong,23908,23826,82,0,12043,11865,1369,9594,8055,4136,754,972,12081,3,53,10737,1,61
Sarawak,P.209 Julau,N.47 Pakan,14615,14615,0,0,7535,7080,869,5916,5160,2287,383,78,971,3,16,13465,1,81
Sarawak,P.209 Julau,N.48 Meluan,20235,20169,66,0,10250,9985,1325,8178,6917,3154,661,92,754,5,47,19223,2,112
Sarawak,P.210 Kanowit,N.49 Ngemah,14109,14109,0,0,7045,7064,894,5664,4587,2496,468,50,894,2,17,13094,0,52
Sarawak,P.210 Kanowit,N.50 Machan,16879,16794,85,0,8430,8449,1052,6833,5545,2961,488,508,2650,4,49,13618,3,47
Sarawak,P.211 Lanang,N.51 Bukit Assek,34972,34970,0,2,16729,18243,1345,10602,12408,9281,1336,900,29418,22,32,4509,1,90
Sarawak,P.211 Lanang,N.52 Dudong,52384,50654,1728,2,26361,26023,3886,25107,15821,6624,946,2866,26970,28,376,22024,6,114
Sarawak,P.212 Sibu,N.53 Bawang Assan,22520,22471,49,0,11083,11437,888,7478,7823,5384,947,358,10497,2,46,11535,2,80
Sarawak,P.212 Sibu,N.54 Pelawan,50276,49779,490,7,25008,25268,3006,22008,17106,7279,877,1122,45765,49,116,3156,0,68
Sarawak,P.212 Sibu,N.55 Nangka,33079,31322,1756,1,16586,16493,2719,16233,9641,3953,533,9412,9301,73,335,13844,17,97
Sarawak,P.213 Mukah,N.56 Dalat,17822,17748,73,1,8985,8837,1159,7470,5840,3064,289,494,1504,1,93,15698,1,31
Sarawak,P.213 Mukah,N.57 Tellian,15933,15810,123,0,8075,7858,1109,6797,5144,2550,333,679,2159,14,81,12960,0,40
Sarawak,P.213 Mukah,N.58 Balingian,13209,13203,6,0,6719,6490,860,5719,4319,2072,239,411,968,3,49,11734,1,43
Sarawak,P.214 Selangau,N.59 Tamin,23320,23305,15,0,11632,11688,1678,9620,7879,3412,731,94,665,5,67,22371,1,117
Sarawak,P.214 Selangau,N.60 Kakus,22423,22352,71,0,11519,10904,1762,9803,7191,3200,467,376,1070,3,58,20835,1,80
Sarawak,P.215 Kapit,N.61 Pelagus,11538,11538,0,0,5790,5748,867,5076,3642,1609,344,37,87,3,18,11322,1,70
Sarawak,P.215 Kapit,N.62 Katibas,15866,15795,71,0,7989,7877,976,6572,5133,2646,539,351,779,10,26,14640,0,60
Sarawak,P.215 Kapit,N.63 Bukit Goram,17806,17693,112,1,8616,9190,1225,7576,5849,2675,481,701,3067,8,63,13851,1,115
Sarawak,P.216 Hulu Rajang,N.64 Baleh,15555,15555,0,0,7949,7606,1132,6752,4647,2371,653,28,112,2,46,15264,0,103
Sarawak,P.216 Hulu Rajang,N.65 Belaga,12185,12106,79,0,6253,5932,854,5217,3927,1742,445,349,398,3,63,11269,6,97
Sarawak,P.216 Hulu Rajang,N.66 Murum,15698,15698,0,0,7961,7737,1295,7111,4800,1991,501,48,294,5,83,15139,2,127
Sarawak,P.217 Bintulu,N.67 Jepak,22534,22491,43,0,11420,11114,1705,9459,7462,3533,375,3905,1403,24,163,16907,1,131
Sarawak,P.217 Bintulu,N.68 Tanjong Batu,37819,37472,344,3,19124,18695,2971,18163,11397,4935,353,3035,23018,57,250,11348,2,109
Sarawak,P.217 Bintulu,N.69 Kemena,22402,22402,0,0,11376,11026,1480,9195,7503,3636,588,305,832,3,67,21070,1,124
Sarawak,P.217 Bintulu,N.70 Samalaju,30844,30382,462,0,15836,15008,2660,15660,8992,3263,269,3940,3256,35,298,23191,1,123
Sarawak,P.218 Sibuti,N.71 Bekenu,19987,19953,34,0,10426,9561,1203,7935,6298,4105,446,4692,2356,19,139,12439,1,341
Sarawak,P.218 Sibuti,N.72 Lambir,38535,37791,741,3,19725,18810,2839,19785,11011,4511,389,6056,10968,80,293,20967,0,171
Sarawak,P.219 Miri,N.73 Piasau,30781,30287,494,0,15326,15455,1495,10329,9595,7963,1399,5422,16551,149,252,8107,0,300
Sarawak,P.219 Miri,N.74 Pujut,43884,43877,0,7,21801,22083,2166,17902,14769,8150,897,7741,26334,200,252,9048,2,307
Sarawak,P.219 Miri,N.75 Senadin,68564,68013,549,2,34295,34269,5998,35236,20064,6789,477,10907,23217,122,654,33401,1,262
Sarawak,P.220 Baram,N.76 Marudi,25413,25340,72,1,13003,12410,1565,10031,8415,4521,881,2503,3374,11,103,19245,7,170
Sarawak,P.220 Baram,N.77 Telang Usan,18062,18055,7,0,9455,8607,1191,6879,5962,3031,999,52,561,6,39,17143,7,254
Sarawak,P.220 Baram,N.78 Mulu,16060,16060,0,0,8318,7742,1018,6120,5300,2836,786,129,440,7,73,15214,11,186
Sarawak,P.221 Limbang,N.79 Bukit Kota,26864,26508,356,0,13683,13181,1840,11558,8361,4504,601,10241,6745,33,689,8770,0,386
Sarawak,P.221 Limbang,N.80 Batu Danau,15135,15129,4,2,7761,7374,1005,6318,5029,2476,307,607,537,6,1925,12022,0,38
Sarawak,P.222 Lawas,N.81 Ba'kelalan,13793,13793,0,0,7253,6540,997,6053,4437,1990,316,423,697,12,533,12020,2,106
Sarawak,P.222 Lawas,N.82 Bukit Sari,19862,19760,102,0,10170,9692,1386,8733,6196,3130,417,11669,2442,28,537,4996,0,190